snoring_rate,respiration_rate,body_temperature,limb_movement,blood_oxygen,eye_movement,sleeping_hours,heart_rate,stress_level
56.217808319315374,16.846378157088857,36.98409003172505,8.97221261909085,97.12352815013833,30.779583168074566,8.727269683223257,56.65048994536644,4
96.55000144869413,18.791114935883208,38.4733251865343,14.441418764054742,99.21532038946707,91.37884438732593,3.769909571568512,57.936838168715475,3
81.23957592679835,12.361281559999075,36.78499108580303,17.72391560930149,86.08474712886908,95.2815017002506,5.047930189347199,97.46365531228085,4
71.90609389379256,17.79742498049721,37.497776306902715,11.860886683735682,99.32672810937552,32.67425420300408,8.467245911149528,93.9800748355881,1
40.921304830970556,15.806064125937803,37.73631146863624,7.830513963556587,92.83864899005118,35.442494879305485,8.588988885991789,95.3520980207511,3
40.91961642353419,17.89495233920246,37.904929941088206,8.252436816972475,89.49348516930812,50.56341534219588,5.076888607830146,99.57663879136933,0
34.06585285177396,14.155718372746522,37.619297366973825,13.912362929936137,86.15293112914246,94.11208125336735,5.672992186293447,60.415769500425895,2
90.63233020424546,28.02949105331811,36.51954169483837,0.06436527208557363,92.50936402105627,87.63194331423115,4.426287126794263,67.7719668682031,1
72.07805082202461,22.684664163972876,37.152922616487984,12.391786749196815,96.91773316736123,10.25679625835898,9.460439027354496,83.46095149624333,1
79.56508044572318,24.22384174460081,37.53542328676942,7.109860208827148,95.60629715900048,39.27307432714162,2.9491501259326425,74.19012699303237,1
31.440914600706172,26.20508229493209,36.67573299828967,15.883946625541686,85.75339017195961,55.33711897497719,9.46999538401176,70.91947666891667,3
97.8936896513396,20.97195958072303,37.20125386241836,1.8598127964626432,86.09352753051856,50.313247255154,7.470931614682746,67.89056246677966,0
88.27098485602951,13.564565185573626,36.56640621758273,11.76404533896781,91.04309923948955,19.38630679368927,6.2525772214938495,79.68903159717262,4
44.863737747479334,21.66791775273386,36.65715699431004,9.619457797722475,89.42935741071915,85.88167711681547,2.261272486275967,78.77967143200411,0
42.72774770449704,22.563140124375824,37.293846552403195,12.846510518104548,88.48576484584072,67.69407829968374,5.804769534576066,58.07289170321201,3
42.83831568974037,25.41791053531794,36.765431508086124,1.297071889659367,89.2150674836307,83.79083748518036,5.261984840021858,73.58699187592195,1
51.29695700716764,19.76987183213423,37.635081696523116,11.599675748562625,97.05224114945327,85.87642793494722,3.2897504958009804,77.67358881049249,2
66.73295021425665,14.296445450320148,37.87892993827453,11.229691759190475,98.9384208044778,74.83558536657398,7.251276828005255,78.51434693656952,1
60.2361513049481,17.10796630437704,38.101173398218165,11.213201888323418,91.07654041791349,43.92106012497173,9.769207258946286,60.50535964561759,4
50.386039813862936,18.535481335175433,36.90030048848962,12.069753331929096,98.59166503198746,61.054675501542455,6.497510488516201,87.11356961261434,2
72.82970263056657,23.62651034396882,36.83496516451814,13.529358744527244,89.82243551871824,16.036540611974313,7.7180262115515665,51.259954741053484,1
39.76457024564293,22.274009484040413,36.7091356806688,16.099779993615396,92.14655479515687,67.36454174749078,2.5476036205281343,67.74159277715813,2
50.45012539746527,18.40974106616123,37.77286049908727,5.396414402564287,88.39043496724,17.925325573928074,5.341335966535958,89.01063242678168,0
55.645329030558415,29.757274478273633,37.9129514529738,16.500988203601242,94.60714063263765,69.39495905101568,2.930867881315967,78.19464605277011,3
61.92489889519251,22.90394674842397,36.563172289651284,9.965113645269073,99.68471672762213,22.959816075396866,6.902366684292083,63.05812162554301,1
84.96231729751095,16.2700822512479,38.37242449248738,1.5411655826866233,94.05239644065068,11.755130015021997,9.507857265713238,84.74765596715238,4
43.97716475108518,13.832084507167266,36.603942567302944,1.171018584879584,90.36721126170323,16.52844901429574,7.294221859773108,78.36954720780366,0
65.9964106889528,14.751464505317976,37.58259267060214,6.6847663739212155,94.71726168985792,0.1992135219070268,2.6144243865153722,89.81218047281936,1
71.46901982034296,16.427239110921146,37.91812103890183,15.697939542229351,86.84381017698081,71.87396178535302,4.837329639880663,86.75125930949116,0
33.25152889039984,14.892264718672003,38.24193824749217,14.153618694818315,98.32988620398098,73.24010490583791,6.405307035526812,80.50539610181173,4
72.5281396331007,15.358206432923504,37.928173864264856,15.772299293448128,92.54625926169754,51.493334991325945,5.225662049066018,74.40888376554071,1
41.936688658110405,17.13171303648925,38.10345616613959,10.345381128832187,91.74024613059463,16.13628010553837,8.669152083801379,56.65910628337617,4
34.55361150896957,15.120724715305586,37.17890038508561,8.80397995910981,93.78797182680279,8.355433751068976,8.517368037679914,63.06665089426919,2
96.42198760773333,28.141777643275653,38.12965022749302,2.949050534125679,94.37175794184104,1.912896643728701,6.8946481608257715,70.95497364585427,4
97.59424231521916,13.44420742190956,36.66022969276935,6.5638550721862305,86.0766370933977,16.57481769652207,4.987663561061642,79.96496435031943,2
86.58781436815228,21.441205012264582,38.289633312121055,8.680387323477506,95.23925831835103,89.08555349831467,4.042690990105953,75.68539276076524,1
51.32296384213595,19.38714288581391,37.595184752307475,1.7720085935923446,88.62897520473294,24.153684170168177,2.8469945457050345,64.40922629797647,2
36.83704798044687,29.682815104354916,38.13459553992499,4.412239054224225,95.70928948759885,35.42713272172156,4.839181467892432,50.32321788948553,1
77.89631185585098,14.016700239024942,37.4046365690366,11.964505881274777,97.33802191576295,10.534548448133318,5.305380137661756,74.8119610950407,1
60.81067456177209,19.16140078282335,37.78715539039305,14.713262284783797,97.05937761328781,22.236130474817028,7.406583400832589,64.28129942811215,3
38.54267643913452,29.45046779895664,37.55280532187223,19.966950227858995,93.28751451111833,51.922457078020514,7.265278594380588,86.73041503552676,1
64.6623837077889,27.579128266091644,37.963179043510664,18.662266626871155,92.80254838466126,60.775268309565256,2.5608651171300556,51.19731326352417,2
32.40719647806529,26.707297277087036,36.663259964061176,12.85130399070383,87.14313942009117,24.535231416621105,5.162074523449262,79.24139056528955,3
93.65242814551475,16.642250886808917,36.62070416798113,8.42496106588144,96.63019225604704,5.773215922511721,3.4542309377388953,97.07371187530327,3
48.11459871200118,15.075976573021185,36.994206468020295,12.723547294164653,89.07114070670072,39.10328691273987,3.2545016425344455,58.72046335557498,1
76.37655990477873,24.035577958639756,36.81908936022638,15.71303236160464,92.4504313422692,23.420337092633414,8.618417197897967,73.58247453752978,4
51.819775326258764,28.728767804296545,38.243567133184406,2.3667238184677464,89.26411139391276,21.955392322980195,2.3353217337300602,54.57109959085691,4
66.40476148244676,22.021732074250735,36.93842797471609,8.198097793925765,87.00742544499539,95.98628027134552,5.353463007216971,81.28409561306763,3
68.26971955402958,22.289028410458197,38.45173051163826,16.796045712712345,94.44336545337605,61.63004859257241,3.3456292461321455,77.52658402981127,1
42.93981188678689,17.039623685885115,37.17379158354221,7.67665903866088,85.81498052234356,55.68784431720959,9.034641725427793,70.36827621064162,4
97.8709239435191,25.850872797454862,36.8642358313774,11.43744542454373,96.229678511893,41.57751035233219,6.456324106200281,76.06885107368706,1
84.25929763527802,15.366787474035421,38.07939701428496,11.755387217243964,89.76380192891675,42.89443334301443,3.851045091014784,94.8287329234505,1
95.76492590949324,17.826226255276385,37.81741555100175,3.689525062672787,85.00202039506728,54.090500383808084,6.019418297331011,59.814715115553355,3
92.63791452993541,19.6578558950955,37.49639143290628,7.244708833045768,92.66693708855844,69.64298070361072,7.8518908776249265,51.12822558526736,3
71.85299851677595,21.13698681632019,37.61072710187526,6.690225774838643,85.70277862791404,70.21460961818295,9.664944071355471,93.08324423495505,0
94.53119645161817,16.363375183471444,37.93840355654453,0.5239341706412959,89.1425433673135,17.169390770544958,3.7635680339633515,78.85585411939533,4
36.194475143634364,14.067062845305664,36.956909482662596,0.4838352778271049,95.60464731183575,50.0112752076627,9.08945417703476,94.53292277309211,4
43.718800369340165,22.991160763949388,38.49266783211348,16.63394087351547,85.94034432432798,41.195809503410196,9.474432913339921,79.84726117065863,4
33.16591022373766,17.195349958324606,38.44958632429356,5.461416199456249,97.59007738534004,87.05269662693841,9.331364356256529,90.50805449798511,2
52.7731231534285,22.46228798560702,37.80065137269387,10.36157532477631,85.05729883987874,63.14189212183764,7.083314854895279,71.4836681677574,1
57.20741027826374,14.778528874935642,36.89908490185829,5.974511471775461,88.70235803802854,53.25040664159818,7.0385652354776616,87.49299656441343,3
48.99443222417271,20.660521833386717,37.86045648486258,18.81358490230681,96.11356084228107,11.539464217891737,5.225685065470582,95.6520733444928,4
88.01162564063506,21.586609785928545,36.64439681795835,5.185935177315475,89.7440522459396,60.56378893234115,8.019183058430304,78.60614818611032,0
54.97273286855125,12.932823662803685,36.561305004411615,8.593136254778702,86.52838582099021,11.720390568023342,6.250352146807455,59.03925752811898,4
49.66541567811665,18.058877007490572,37.015365777022424,17.454605009692038,90.40350878200641,33.720657556575205,7.419504569826356,63.43988075150991,1
67.9887258210774,14.419464184901535,37.42524591347863,16.838671335836175,89.05589929576789,14.284196481433186,5.427663230790364,59.93222884487029,1
39.86469574823339,13.140749468509819,38.23654501081676,3.7220283569255463,97.64067853240832,69.20736470243689,7.8519717123451125,62.342851379786644,3
86.15378865278278,29.819284183019015,37.95433813953262,16.05286619591421,89.70021876377714,20.62521138361526,8.595772140836392,65.32077246755182,2
35.21854505758396,17.802369209545013,37.98541304239996,9.163737734757852,96.83398707664011,39.1859373188026,3.171490052822529,77.75668933765942,3
99.08208556203621,26.577740025383427,37.35098666889615,9.659377441707104,98.37808217216102,89.56747776187787,8.663437724593823,79.39958147319163,4
84.05713385076602,16.58353178574775,37.19186998509392,2.6695994483188756,91.50726129364794,20.431638339897027,6.322372254322458,71.32498736209305,0
43.91009770739207,24.267049000030728,37.24207752596921,1.612030275142493,98.64914715781588,50.780506395877914,8.757327272721795,80.77103899104176,3
30.386548198652168,25.68410147801436,38.47529912747211,14.558786139475304,90.65977080944789,41.9271661166022,5.450413650728117,54.078746280568296,2
87.0822999918384,22.721497330941197,36.58021838282497,9.929223047105996,99.46117624735162,1.8124041045729733,5.03232388306428,54.389411852908,3
79.48001406933321,20.488371393902852,38.234062992244894,8.737014052303591,86.33934286788359,79.27581135728128,9.32048586013778,58.59147301788292,1
81.03050176286911,19.413136454650832,37.65735081714479,14.590164573047934,95.30528899754864,6.904590631459973,4.00935414038721,75.90387490201724,4
83.9889242680162,18.279628797773917,37.377230838379184,15.310257979822195,92.40721060685394,47.42550209769536,8.753698602289145,60.69973393491568,4
35.183125621386324,28.731524596460865,37.95051532083027,3.1781633533870712,90.8147320818347,56.06782949389499,5.872164580075233,64.16422017462887,4
55.09260099809909,26.951149340179125,37.47333788284941,12.204502989552825,94.49067818122901,62.842645661458704,6.112763540410078,70.0156418086497,4
38.110834166759076,29.370484391997227,38.24684647616332,2.7070816455537106,95.55785637451497,68.86316293078755,4.467746251915872,90.59330620051898,4
90.41723981129155,14.237350022739804,38.301403728022514,15.027501720580913,85.06544904475463,25.327238352271507,6.584337604952125,50.693106795643004,4
73.63086887792906,25.155614553665597,37.34344185374691,13.13910312534279,87.50429633120798,0.9978776658449373,4.6016895702096905,82.46894101183112,0
53.16286173968544,28.89012822277868,37.0536555944701,19.13229242166916,95.69569075951478,72.3443662354912,2.3141553139332185,83.44382655203427,2
34.44908452002166,15.262195190981883,37.684700657186724,1.3791603271284236,94.99578120367309,53.56565993475786,4.175988842754848,89.93278901783182,4
51.76876252009635,13.196932812601995,38.32472669123338,1.1410944230250863,99.49071257693015,83.61177032072487,2.0510323472527254,96.63764695301566,2
52.76283254187229,25.340171687221062,36.921324378011334,5.6437414938640025,96.41556685376175,82.13883629006943,9.826838296454852,51.006892447464494,4
81.07243248366449,22.340516037238416,37.745933167126964,5.234113674718119,99.26159061597008,84.33261677878832,9.72597767855798,57.68918527566081,3
74.62902299486493,27.152917981648898,37.76312044018504,4.939575981439996,95.5381075230221,48.50946599795402,5.16124237977844,94.30856470279966,4
92.10489198034286,14.515902779273212,37.96622604483056,18.125091610420732,89.47078312959165,33.362839583686565,7.826966834717168,72.92592810935076,1
63.055044761336454,26.31481161347802,36.76313537025452,4.990923996990122,86.58047383376285,79.155820259137,4.7664487872834,78.22953194667318,0
38.37159721568112,15.629291760859402,37.93164992936418,5.43899452257262,96.72735795017404,45.12941130292549,7.368745256687808,83.15136018615738,3
79.92713510560965,14.94580697158268,38.31806504133128,15.187965248359275,94.66223832213873,18.34421964034345,8.443440344367833,83.95333022478187,3
83.25495340318282,14.956784362757872,36.85936621774049,8.9947968490108,85.72279018589944,85.49740195614743,9.574049957537927,96.58702016582541,1
69.28940382986474,26.66234496416488,36.97508664984775,15.534211139103624,90.40075698851467,88.25598767723473,5.201698206797376,99.84747087058349,4
83.96770259681927,23.9735499725316,38.44279018808328,1.3073231512877048,99.3519972322643,46.63097561401701,8.266383863648382,86.00787304654702,0
64.56569174550735,21.415177645844146,36.86195390541898,9.751423873467687,92.50601718565302,7.569972730978747,4.12742760505695,64.36106046025753,3
66.59129805673959,18.458948714223045,38.20877018673916,0.6722720036656527,91.49093704029556,38.782608991693124,9.922658430349188,93.98762011471717,0
59.927871285098476,27.78960973463595,37.48455571289607,1.2530640691070905,91.86549407738941,80.35376594626034,2.206156790114809,52.46104572703808,3
31.77933887208666,19.06401193360744,36.994462148806356,18.12874906688822,88.13324086007745,90.17740285462287,6.828230452008968,61.55404264372481,4
37.552399889531316,26.698789910488387,38.24149980254502,2.7849074223519033,90.53060756297192,20.347274249759582,7.276047853210617,94.86928587318575,3
32.200042998071396,19.90442835426393,37.39061051000533,10.648413645504341,90.54719883980765,6.697361202527152,7.504364456593031,62.80957572196775,3
74.54872878846463,18.784999729648337,37.52963470785938,8.221912052014131,85.78532530281208,87.73504531328386,2.963100630312712,61.03255298108742,2
52.004918675342864,20.328236142052916,37.218466738799535,6.946866525176853,96.51351442776877,38.94049389788753,9.508238267785043,56.906264657012365,4
65.5999483815292,17.424801734954556,37.685901702869856,17.99666691374545,91.24756647855818,54.176096426756324,3.4494662324006624,92.95558788234582,1
93.5296531748265,25.45696884317252,36.82704774517005,0.43646793550979,97.33269830224634,96.80658120507589,6.982027225918729,75.00291295955434,1
47.450456040421244,21.048967021664623,37.28216307330352,13.275793723511782,97.75522001679843,6.656472791422285,3.7814086329846797,83.74466015270774,4
58.72680461249408,16.17982851264271,38.438824644670575,19.267888684271007,88.17991082047988,64.83180074520956,4.457731336170167,61.953319203751484,1
82.88857969801342,28.19234231894223,37.01626686540226,11.20336366923684,94.86030223255193,7.410542257486707,6.371668333824995,87.90202105056082,4
46.015871584413574,18.910041984717807,37.81347332908258,18.736449240661837,92.08422706244473,37.54689284665004,5.337547348516612,88.00027724810492,1
35.38859368801551,21.783951500051796,37.15038012844939,1.0451575857204753,98.20235106882228,80.38145451934467,3.2818048078120503,65.629901245415,2
50.28260170396376,28.316497997361846,38.0469462513732,8.375866381483227,88.23611018764682,43.34722327556344,3.3674912193667863,70.53413165051414,1
41.285490107780305,23.236283926451858,36.7617473214367,5.203155819241023,95.16719800465066,99.71823539029504,5.345158305302397,60.484513871510046,3
95.07883566398012,14.104164732750554,38.439642090157086,14.616419299614595,94.11628183379084,55.905928494660216,8.058263826204005,98.82805116614522,4
86.56842656950919,28.916978225042552,37.40757908276728,19.625941809944933,89.42952216357749,32.11621526359535,9.18371717478231,82.28012885292058,0
74.33826295572965,23.29874495528552,36.97210092669293,5.130601248884956,87.04901355476758,22.011132590475313,2.6730212980750627,96.72719403577577,0
91.00224131314025,18.02830106382755,36.64699349466002,13.083492029481489,94.77459640715915,35.05205342861618,5.1448312604752084,65.16927718145666,4
86.257045382938,14.50689730794097,36.83951581017508,3.9619526551948026,96.07896187198496,37.25332737595508,2.801964509783013,89.09454564984449,2
43.05990412202251,26.292453406865327,37.53954789711204,11.306605091432198,89.73441015645025,6.8713677723960975,2.132739845060783,88.2929321942371,1
92.47912989429844,23.161309606713242,37.17400635286257,9.278649733766724,94.67248906033471,36.95741994267732,7.293749461151653,84.58278259332707,2
67.75395693409556,21.602299655573788,38.15776673176522,19.44010659263074,90.92696361417255,46.423851973922496,6.819595535732702,98.28194876334001,0
86.52081086148438,28.090066494917238,37.36177504732361,12.170545453929332,95.69810324923927,72.27377522388046,3.3041529105190897,69.67776680531577,4
92.72639099464453,26.194749802041553,36.99742854517526,6.990127441736376,87.9882291234108,65.6729484721608,3.870502664744513,56.53586617948787,4
52.26024324803047,14.730147835189522,37.73428997320806,2.2819156977586674,98.35322503954262,70.87656552291543,2.189662029156147,83.58544296220305,2
37.70363471693737,17.610997220319867,37.91355443377089,3.024936574698691,89.31114394698369,0.8363681876857099,8.67957764555523,86.46549002386031,2
45.95546137793592,16.472804516660382,36.8340838158019,4.506338599024701,90.5167898163423,21.766739958053606,9.797524768388412,78.75302867294073,1
59.89754520383794,25.391033266308185,36.83523843257664,5.01933322680596,85.87137928120525,66.16842883998565,3.0836762943575264,60.34089465666982,3
87.26103361457452,12.603583825244028,36.57334285386709,17.012321156822757,86.67268318481915,48.398936817974715,3.851801710122385,75.22279708346777,3
90.25114082794404,22.258014327683696,37.97280403013128,11.224455765650498,92.73792854068492,0.5313475668345946,8.947276191575472,65.60948682845647,1
30.48664913718335,25.724256343332428,37.82760905524361,10.467818227487328,89.01389015091956,80.44946424318223,9.411710383649478,71.37332640833445,3
65.7523111804296,27.78178146171149,37.44926175149963,2.2953774373843494,97.53220338613292,77.28095732903374,5.357019062454483,82.26092879223319,0
59.21877022041453,18.157471476886336,38.188340897938396,17.2027938669887,85.22040082982431,54.841916299356264,2.404979778152593,87.26073713454173,3
45.54754673295112,26.782631484096232,38.11134030590011,14.456286064169674,90.68641073007905,6.646332577627212,2.315134669542555,61.611234545067155,1
38.3905757133578,13.991371265193731,37.67070872879351,1.3533672380000317,90.06018320153639,76.65150495325847,6.5915989285520835,70.26626803234767,3
53.63306199825396,27.236141251221326,38.23654256102652,14.156701944595373,85.28991446376402,58.37135877313639,5.143160871145432,63.45807854958146,4
96.00367927387634,14.294795921975684,36.91168242007354,10.870764346852921,86.86552598500765,78.19599771579591,2.229219420621236,59.93158069309345,2
52.62420524145287,19.15117123008661,36.723839238795456,1.634506914935565,91.20464012377953,75.17469923958404,6.666019138500454,89.16936099979192,0
66.31534352203562,26.351316584031963,37.03949922303398,9.166012830573129,92.3929687667117,80.30020719578371,2.0904202927121798,95.46263472184961,4
79.21132712266245,14.698513692277928,36.614173712178626,9.693925742600939,91.06434620882304,51.80080664046248,8.298975665194185,68.51160928422884,4
55.454072166550574,16.126525114187547,37.56233905600207,3.315490803265515,92.9640651761814,14.032451819351499,4.451462581626973,87.56394621868834,1
98.02474579046725,25.00054623107519,38.37321138458992,18.913962940005646,93.92697512358522,67.11574733796887,2.322064024073857,94.84976446822056,2
97.37131064594779,24.960657657829337,36.57868708133702,16.99950742961324,85.14885731691753,62.04737850519706,6.7068177678652265,92.30621052651158,2
47.62476070777549,23.54065739193535,36.74421982802005,13.380446746582166,91.96142739180256,74.22531871990871,5.1814753154644375,59.140669426961296,0
64.80739541246697,24.4910720004078,37.40439805656687,9.245911220012143,99.45248861331382,16.98810060507353,9.790403306857197,97.81459407566807,1
51.06148168717388,21.769039980256732,38.367750035055806,8.235310831690171,92.78548420194323,19.497519990028923,6.3535893000296175,68.83382202147313,0
49.93883460642273,16.53238306032515,37.132312209953504,13.019469343019082,95.1631340118843,89.04095172193284,4.201913448296066,66.96203305869182,3
32.582086314817296,18.222527883070548,37.51446961737678,10.908637388138109,89.67795786875325,74.99777984520708,7.675510917071798,53.121566363889016,4
72.66950337859278,15.268758902425663,36.58314571810078,1.2454621176377123,96.60987067229144,90.82284887003229,4.171936020341691,74.30868270524415,0
65.1875316260203,28.35211010400531,36.79668640192418,10.250052975406634,96.59382222814173,75.87153211639207,9.23394633126052,55.45068078204643,4
33.60351258749925,22.501052305790168,38.47326024591769,16.12807234465679,92.81944071481209,59.71553059903019,4.9977757640590115,62.4269910463713,1
49.505252496562804,19.215325501745518,38.430237392872094,9.18479755193916,99.6402073491882,65.41327370278736,6.398948502209642,65.84713108836407,3
93.57861201766576,20.31610446559439,36.50987996186882,1.0391315510853683,86.8832532214398,88.91279239400099,2.404584830593831,90.4413161745842,1
46.769332346688074,29.051100113012676,38.40362357084648,15.725563987680662,85.25421497334372,57.88067545119405,5.408969903617846,93.77443251979483,3
40.14264104638562,14.760325256089445,37.778239875631,4.027275642719488,96.55237317635644,63.239132432838744,8.65890831728796,65.12331587307348,3
64.26169321942942,22.55213697630235,38.23583658904005,5.1724166977607755,97.10733306047324,15.647671600360058,8.445190442906735,92.93490606222869,4
98.99553178774205,21.105996219920385,37.40947971126772,3.294127068645918,86.80310843680864,47.39212201161027,3.79454847082821,92.86154686848955,1
46.94386900580503,23.00617623782366,37.5311920571585,6.60430129742995,88.98374249437909,71.6397111958099,3.8086325680845015,88.23254751924367,1
77.0494883184115,12.325983308775129,37.47769316051384,15.1350301137727,85.26328545049944,27.09426983163654,8.538442497705894,57.334755700759075,0
83.31337307301024,27.698230360994728,37.83372851509221,10.387717190078746,89.39962916170848,20.22541805245349,9.443187361354603,84.51614234503646,1
46.63462807946797,28.77812908470502,36.779302509512625,4.097625483014252,96.59712810878007,31.382680822441557,2.7628873701840284,97.25120322902845,0
80.97514440283017,22.17239730460576,36.55994717974536,17.556601563040818,92.76940791568869,24.150062799283344,5.600469115409802,84.12702393835785,2
55.74481929034772,24.53971482978406,37.11585988318238,17.591637099030585,90.22143389752432,21.491263703639586,4.699634231713832,66.58084245539169,2
74.26140814155056,28.604988861191323,37.909361525473294,17.41156850092014,90.57608942359495,42.48508428680869,8.965507643659514,75.02896587154157,2
74.34707975326262,24.730295417641173,36.903706904245894,4.775924227630785,85.02030438573202,90.78385138835341,2.66819931744015,82.28625216755268,1
67.50422788523309,14.745702772456704,37.84686486664984,9.024786883619761,89.49700791347854,50.705964673871826,3.6890075404642992,75.52852043642518,1
36.32028390380858,22.373190483002638,38.43982409221454,19.699793122817503,94.69688112456896,18.792038081532304,8.019746700691954,55.99764708654849,0
88.47117469124666,22.920870834891407,36.68780143157883,15.440249526199807,99.61291665724536,7.697166938087408,2.4103507918497247,65.60320223260103,3
52.45460454802151,19.63435208344295,37.84520423645025,0.5433484245111964,97.7059124047585,69.61561451379252,5.940283045714314,90.11980152768163,0
43.0562957279898,25.25599624124501,37.387500438609145,1.304091825209841,85.35392446968294,38.279876443638784,5.53685627743776,93.07090230477587,2
32.85425990883348,28.818606265842266,38.23628450875501,9.278627536246656,98.4784090701226,82.18309465853592,4.675209431909989,56.86500163577851,0
71.36250602317693,28.660233232321975,36.854299578894775,18.184404117231203,96.74797619947938,65.95107686407702,5.15657852255139,97.61933761993623,3
77.42950532895978,20.11510868527438,37.88525190445233,10.774035959054284,96.70564185356471,79.62414505413685,6.2395246954418635,66.44113089243046,1
31.16114802494993,14.038284825133594,38.176230579296224,9.956250160685805,91.86993638505358,27.194603941844875,3.290938867107065,83.11568693653601,0
65.84651408094967,29.727141581322023,38.389228438948045,2.1094739991326117,90.97007939431754,69.2358922461058,6.575967026268742,87.59125729783406,2
45.85470426385566,27.100165556026816,37.866496056579294,13.135602094485881,89.5437359324979,26.406198469371876,8.44345863439989,90.59731173189417,2
75.1620953286615,14.243928261658803,37.494349528016855,16.44206321200451,85.98542288431548,93.90684794502916,8.081287438321272,97.2874851112965,1
42.2056500303494,28.5751538871127,37.73569448040243,7.608400150151247,88.42353045240549,63.63742815333744,3.2311992375501895,65.64597740144113,0
78.36564166717261,27.65813451711831,38.237809968957436,15.51223701850655,88.69905452467037,32.451180017534206,3.1939957579317912,92.92532272757772,3
57.07147424103762,21.3390850282693,37.64121949327766,19.289533078016234,92.26115604565302,26.951186229227265,4.145394941959307,56.584345171810355,1
95.57109921157142,22.642957843408727,36.56077411939367,4.075329182553782,96.21166609895042,19.09265850716435,4.888597810728298,85.25204531767963,0
39.62646609021952,19.182048669662343,38.361897391013954,10.466592623894826,92.1071474259692,69.46409588937279,5.267644651267861,87.09888647569929,4
53.8746445735181,12.985709498796563,37.87905350206312,5.742759161691511,85.86766674170741,21.87156129979273,7.437577734666762,83.88616206006603,2
37.943146486841236,18.033550349626218,37.8530267715545,15.857088380676787,99.36684701482307,59.53032659274891,2.4534434573266832,62.61573680675765,3
94.7285532794994,26.451362074764205,36.93135030479544,11.55186731762315,99.14086478641168,26.463502692535734,2.277381633808531,93.65215735076018,3
91.41375473666866,12.083376414082851,37.817770940465316,12.691648351006075,96.77784314722612,66.19689447938686,5.135284503551272,58.44292316851975,3
48.05591394006089,18.002985090440596,37.28772881130832,15.958283192317882,99.86991852346331,81.49397285405392,7.577309537103844,52.681739576041544,2
76.19888322239254,19.16703648463698,37.80246595408298,7.919409453249098,93.16723499200394,77.80252431446532,3.5474827436518606,85.87324953059561,0
87.20555401408511,21.67312085288261,36.71318606061598,18.301801368140865,99.44152525379809,76.08513309307817,7.132035850050014,73.77378576163669,1
68.86405681196237,28.55740109542969,37.81569060920607,10.6605773449228,86.13407560925125,18.772240569225207,4.078625103522396,92.4549009979338,0
67.07554048492045,18.234227898587303,38.49882745154133,3.15909645670696,90.48521122392057,8.838494698451871,9.08868887050813,69.16985705291295,1
46.929660363031616,18.2451576341321,36.59642407772111,13.91798236337605,88.38071902010148,69.89488284873856,9.165519554132931,58.41392942538564,3
36.51719374641294,25.27502246597547,38.45434836844264,15.865227008765089,87.93749626201405,36.83472137943513,4.378297634250612,91.82210962349349,0
92.80510305673288,20.13992293601653,37.313815921445745,6.335233541350533,87.11204423339014,43.23462264033473,3.839950031705924,77.44548158200358,3
93.02926400143313,16.042886812919676,38.241506900674516,17.14358513997506,94.33620462348995,3.1149092793391064,5.29043177652985,59.45978961951774,4
74.31710200912875,20.14391129038848,38.06477096811655,18.122865095315326,96.71982783620957,25.95764492750492,3.9242526814411898,86.0191999293223,3
53.73208537340905,14.535426366836397,37.63403252197334,5.538089747556178,93.67447599130541,3.3676403874464023,7.379070746333629,75.55568192447502,3
54.44467022288626,15.17496575711202,37.97689841850265,19.67042945430444,87.20444064382315,87.91857726012476,8.608517476386284,80.215649112016,1
80.81689752091675,20.970619909310635,38.2570311226027,2.8142305609751683,97.16685654900206,24.339668321853047,7.384737047289736,73.04491691032909,4
92.79771819668039,19.540658091081863,37.30828064330207,4.0403133680498,94.53932060745592,55.73371695730081,8.594803577994796,91.43544919090033,3
92.0960496985582,28.4672262192258,37.15406632312648,3.6844967847605226,90.82248559190494,3.897932066113041,5.175937297659793,91.4781357841525,3
84.59128821003367,18.523090184099395,37.83518677112717,17.87979420015741,95.11195443304095,66.6847391305658,3.250535765670887,85.46944109121931,4
74.94221523080014,22.45059030500478,38.11569188388252,13.085851046499236,88.8985746886425,32.30273457540939,7.903607579180737,55.27006886982311,4
35.889797549653416,23.380757182551548,38.02457026955323,3.0420856644454575,90.17788312741315,89.79191869576658,4.883796041132431,91.94269309520345,0
41.31400998662296,12.235700218590006,38.09562729771727,8.80646836736698,98.76228764697986,88.81181889340358,7.37016660183306,83.55064902664549,1
92.89879319689555,23.94367269630079,37.37116662962587,12.30596050139604,89.35756758507131,32.529061836174776,4.165151535854125,84.85120830021498,4
72.4500341761713,15.204647403655525,38.135668432350045,1.6692816997876658,92.04982402236905,90.09608956904678,2.6498370784533813,68.14914202019358,4
30.643793613164075,29.299265714450193,36.74041811074122,17.648327368146774,98.35211706094022,99.61576734987788,9.940654363902107,93.96397780785034,2
37.103008000622246,14.675929099556033,37.5889781959217,16.072070708830704,95.61582025401292,82.5415664123948,3.2496120634447943,86.26858001174287,4
76.4451238375639,19.463234227086428,36.51151732099624,10.104135471532764,85.93304839247054,84.4871347755229,9.907367951707847,55.629523326459726,1
30.35431086923531,13.53629402541559,37.149171659800544,19.342532305183408,87.20954566418456,24.90087361090899,9.81823946053158,70.38890172030813,3
41.256563599224904,29.943736533227053,37.232923069742796,8.355219585501994,85.11762386157875,57.67023988577563,8.350544831264317,94.31901809800709,3
68.41136525566102,21.039510185962367,37.29234538321851,19.682206380729955,94.46382685343745,6.725591396736785,7.275383696655981,52.35983508486895,3
78.43266383848854,22.716930311760787,37.890934413379725,13.35839997607254,91.71510138115627,9.491793682166971,6.622456402008678,98.07083098210248,3
75.63728816518204,13.207376592991695,37.27711620254069,12.693425465078828,87.01412276353413,99.88926120332906,8.928812363022677,83.95812841597814,2
45.698851662239186,25.499288467185202,37.39738724524506,3.3190979059157,99.36901181585156,32.663924942591095,4.3155161729559035,81.56879888216884,4
79.8525454943275,15.778300675720544,36.97508826174865,17.63855516609288,92.9448958591843,74.81839120488463,5.741449699879016,63.527962824399566,3
46.607436124776,28.164977209932847,37.24650358325868,8.549793758412303,88.62839941169334,80.66650530268164,6.955119754932015,62.439589436958855,0
52.77797887114874,15.692513528676129,36.9545392545263,3.244668115649587,92.50905356732062,85.80232710072292,5.289523806955929,97.10291097442978,3
82.25439835826168,15.432378971945997,36.64639184753689,0.2521503995151808,95.19430499102661,99.76282974021565,5.419891632722144,64.91362271170614,4
75.47430293330503,12.657894021265708,37.70689718676275,11.19511367276765,86.14358826960347,24.149648525686786,4.642277340016675,88.77526483594997,3
89.44563873459245,20.497205011979986,37.83642559711003,10.547992442453527,89.12055722571839,4.035082685969971,6.513854533476288,69.65608991035396,2
76.03290246102404,22.167140398727096,37.738980692019226,14.387072447383172,97.1044823632599,41.1191517994586,8.804596224120928,56.9627035392352,1
69.78160223348301,13.182755509710343,37.426988087601146,17.805161060356042,91.89497305603992,13.008066982894695,3.6122270240505028,50.53576488476795,1
36.55723374796647,25.95949710051019,37.25957156035846,1.5881316928605904,93.19865713048442,2.2425889162055124,9.475464310027531,77.21286685076254,4
55.74010621416035,20.159199025464495,38.22666729914365,14.629929806807247,91.49224003314204,36.04268271414861,7.512701229985837,98.78894092744663,1
48.564165737720785,21.43902484789644,37.53816357027244,3.7482388819516443,85.65849913964507,78.37382510752364,8.586185701440241,68.45680969046023,1
47.07927503653585,19.933729444888108,37.45836375525946,17.163541063143278,87.48624669730233,56.61806912250709,6.449525541040093,67.85961669965224,0
98.11073883267119,19.21373509575587,36.551284131612874,16.38127027723312,91.68312458112837,31.277798921035405,8.236133611392507,67.20458089247211,4
57.51684072667323,22.073525963547922,37.18249565525231,10.815875099710887,88.13778198111892,65.43420054927196,2.1296031787157377,76.02719186524293,4
92.44325886239793,14.794324426752825,37.26039123757172,14.20485597246623,85.74968542989518,23.20181803088107,8.547043398236282,72.03324417121468,1
74.1797038198084,15.27470634891488,37.2976455617938,6.287002263674967,97.65474496077735,1.4381446072085025,2.321110872682932,93.99573133635073,1
85.6367912479154,27.51214117824331,37.66034473845466,9.423357978656293,99.71788793746174,76.43533864364274,9.1193070109029,75.27603958617452,1
65.18459651736345,29.03007831840539,37.56720509345376,16.432737954209433,96.89714310995109,62.374308486400906,9.935701977909147,75.38789190942845,2
70.38327192384514,18.719567693035554,37.71581018558689,9.185303943464278,97.80677382557,76.23026245009599,4.3525396974142225,56.91857973602783,3
64.47623856732048,16.87340411658397,38.029766523084255,7.155965306508836,88.62965695475567,3.893801668766561,3.6825484502863493,99.1369770455193,2
43.66700914586312,23.591991778302283,38.12597147743219,9.884248945005998,99.409404632698,83.71196278306522,8.122906910864327,62.498644543441486,4
80.57164806830536,19.357215079765737,37.93624615245299,16.56498504874437,87.95388556680143,61.95262000363033,4.024210727362026,53.66820337298013,0
49.654065370859904,12.456954401886208,38.41104739190987,6.704160947417455,99.27144715542748,56.33953507126401,8.924499065377628,83.15731244876045,3
31.702117650201767,14.810746752591427,36.53646516535272,3.475231862714876,99.92228940948927,62.46140481145316,2.8227407372598137,79.76831850784363,0
75.18306071350175,24.887500119253154,36.89155597136709,14.240280406615614,95.67584208619073,86.4433246868364,3.007641571034866,70.75728269963729,4
42.39774755849343,23.860630954382724,36.51512574995628,16.519564254161637,99.71715597687734,58.69365065589071,9.833212440804925,71.1096116940339,4
95.832100904704,12.487727865062702,37.79494942830921,2.0127495704706666,93.54309669350656,58.095037988817936,7.390711186160037,89.25319605232156,0
96.77500039018112,15.995498914793089,38.29606109789997,4.7974822551188945,88.89312674764136,99.06791570657658,8.775097795431623,59.78563200498245,0
94.0405073154314,16.159346338585287,36.9869645931526,2.839439795219878,91.55493828498432,75.6730167068568,4.594635018812144,91.01266594724449,0
55.9111090178811,24.09406938477711,38.35406908959261,6.9588282316433325,93.90341403068179,44.22938054511353,7.411869996164835,82.4373556947509,4
31.08196315702072,12.354789679578555,36.62053478057912,9.007019578108252,86.09622343040523,70.73970000329277,6.753934618468778,70.94848868897623,1
94.98229938114078,13.873954475722329,38.36887205361103,14.976526739266129,94.3351489692587,38.92304716917885,6.825200960983576,72.90143082919343,0
59.972890382212,26.398489536717406,37.203245374479266,13.022951697633482,99.71766755143442,22.8875462483499,7.460259676301773,62.832360359304786,3
97.66583733305687,15.213803916978005,36.702841656898435,12.418571349568623,87.85161474675591,59.68518768877594,6.6028733850327885,87.60571663484873,4
97.45339839624769,23.749429941333744,37.47174351837265,7.047498932193088,96.88892674432574,92.81820981139515,5.432498954421328,75.64373711526339,2
89.71066188271521,16.287290058841077,37.013553135441015,16.8289510616952,98.61848190669429,92.91395200154628,4.207381555044375,66.04272713749218,2
50.611422444870996,13.789945069668214,37.069745803923844,9.42574334796329,99.15552389230331,34.19052781054903,8.148650647305615,79.80250578804751,3
56.956841002134766,16.377099437990175,37.114579929852574,19.58209876030309,99.40203406608171,52.7677466221695,3.8101794400254896,99.78672260256616,1
89.57956700617999,25.000804773401864,38.10605179566533,12.682842765914737,92.82189458082208,21.16358985698612,7.538834449235313,71.76311398282769,0
52.18454036093944,27.402536425913144,37.57832255335051,2.5252948312900547,99.65961861987256,99.56311094988834,3.866662581194613,96.03457003893098,4
41.864492268026474,26.94395756220585,37.12261539831201,13.523551241508681,96.35965310701658,98.11179078679358,7.002641359635631,67.2508419962283,0
68.97608837208452,19.149303533132187,37.720667566621835,6.50208030863398,87.42507154355442,64.95089297074473,7.976626137032231,52.736635346249294,4
95.53083419125467,24.02553245827163,37.93230134844639,13.726543933721949,92.15350159701956,80.44140596774734,3.7497111112523136,60.21210531842144,2
78.7220857672481,15.689717317484778,37.045248001467066,1.3928229632481148,95.77496763058006,71.51001612837,2.4795464068904662,70.9347571663842,0
69.90428190625555,17.27665914469824,37.3270982030507,3.4976287435191877,88.71010473728624,59.31582190394682,3.0477899439533926,60.98174642972845,3
36.8023545639538,28.134044733380154,36.743772186673894,17.114745178115726,94.60922775323331,5.3347996988897695,6.847975738168204,50.01135191091278,1
73.05050586894188,12.23403462319325,36.86229869906936,4.543591140470298,94.99900718569928,45.476434255266106,8.795571249805885,95.75007688737637,3
99.30376950729843,13.539153555380425,37.86223570792997,16.7408225048588,87.44049615712849,67.47863021674105,2.359974569883395,92.19397056154645,1
39.80588106655668,15.741952592628492,36.86287669539125,5.585521769088208,93.47627968679134,67.75316138836847,7.87321007233317,87.11461157434735,0
66.28307566546158,12.477579669728755,37.55032676733412,12.857638201174153,96.57440366467911,37.31226184223836,4.730549167600417,58.390729782301435,0
91.41611503495687,15.265837831616352,37.91809252344486,13.883011470196621,92.48343496803913,94.16919866580305,5.82822695935618,56.0181788104993,1
81.85380324279431,22.49474809745446,36.71375384618949,10.253095062901059,85.1815467516416,16.7357032236781,9.430876398764525,53.38023747361916,2
78.79110186966875,19.58564191066496,37.634624439257806,6.106213533934626,85.13557703618939,50.03594462155606,4.655772037886764,86.20145943864605,4
79.17388587909764,28.068090799385548,37.013125567402724,4.252887527421922,90.35544015955018,69.08839765508228,5.722695471515888,96.44039803439426,3
55.16438058538286,26.713984111291936,38.42585375047516,0.6637870912485244,98.89291102647672,69.71358058918092,2.109459318085449,71.52679104565185,3
50.55142909851453,18.15271233056177,37.46709129343985,6.078928024814476,88.43015169405413,64.86389567688155,2.652789760038707,55.95703359980241,3
86.65528088349595,16.669621801763263,38.11198509955032,13.06325581062566,94.51545533307531,27.528821345186017,4.068732729078272,75.61964103660533,0
86.70793762754266,18.834463347010804,37.60045308431253,18.766096368969652,88.33113806039981,15.620656868662197,2.2228179265685952,67.4415953729315,3
90.69506230060726,22.62530896526654,36.58682506570964,17.42408964526104,89.82504984489323,63.594032682671084,7.051002608386008,68.74124621749988,4
93.92683867895299,16.825145534811774,37.76630275118804,15.321295530706053,97.72063134402225,59.930211613943776,5.41118685441298,81.06653120778536,4
65.79396792026564,23.234680341284413,38.402806684413314,15.768946865065974,95.93292163404921,17.935601028924097,6.385161621824176,85.93590566311012,1
65.10614062810397,19.36940973944233,37.70322364029266,13.299698069519906,86.43098915969816,70.51391455705634,3.3971774871706364,55.53017994365804,0
85.88066252767426,21.936849255335645,38.13837771885358,5.20573715132006,91.4305303147965,45.51719917336564,4.367456235492929,51.77951154032382,4
75.49747515444356,19.8502775244357,38.26841292669682,18.143900614116596,85.43754645467897,66.7760591603153,7.310595798821801,99.71651513428574,2
79.13768140803924,17.300383671754517,36.95615954389787,13.414646238116681,92.21335219904513,83.73670797701507,9.7224217890432,61.636417445777596,0
85.70548686052707,29.07215952531882,36.924089679816454,11.2088126196088,94.93651017551602,16.972842857692317,2.4033341888176736,52.691526245422956,0
92.30037392722964,25.744904294875695,37.72196197770198,2.2197893842696215,86.77753935397227,1.9144867996836679,9.123074566842128,59.493766454796,4
53.65966097960751,14.522037163796146,37.32205693961341,8.941110876128509,89.33327408363749,77.91025863957867,6.615049610489668,51.94789231742321,2
56.29080668479608,27.63242356616243,38.17972260573344,9.207165424038525,90.96754938253235,60.96974251526159,6.51135653404499,69.59054473085858,1
36.57873578886083,20.773761568491246,38.30004624679602,17.291272190453398,98.79296536984074,69.96395696221217,6.002228281662083,90.12008922256621,4
70.47960986973217,28.101940084093645,37.20684275860543,10.932964403755769,99.89882523134446,83.81549749886426,2.555152687233467,67.06222248788603,2
32.515959165771946,26.397394607051673,36.97374111794896,7.608010979408193,85.67366948493424,80.28109348245005,2.7190148138892853,72.20917034391833,0
62.59186126927221,19.6538430804462,38.061051030487725,19.536006570213186,96.41511885243088,96.09201469288247,6.807296045272689,83.77933867837194,2
67.98512442953037,12.404447549762113,37.04961207109627,2.2144118665263135,90.57586099603515,53.59350788521182,4.727668571484466,75.44470350349401,0
50.05788764897991,16.836192468929028,38.14522863702736,8.450968566238892,90.8868727934422,48.84956326599054,9.338144532621445,93.07228430106622,4
71.35832823983075,21.749415863895607,37.34747650729753,0.8404935034281058,96.31397460020534,40.18871998907301,5.252724298875778,93.30178375228783,4
32.13501749573346,23.40260795687065,37.83509979858294,14.798082415338607,98.77639648218113,15.369104284420454,3.1462516696211287,50.49553477455768,3
32.61437321244501,16.641978337797642,36.69107062766933,18.361531043983014,99.26392891753822,57.26072328820224,7.717750668016288,88.90231532415996,3
87.58203924617608,14.508409333310833,37.747718649353146,5.600746591009789,93.65683879057481,27.70125243259788,4.346827371528079,73.03668001208369,3
55.21334489878841,27.028744262387384,37.40353535747446,17.166833535982416,90.35681738950754,92.13075122129754,6.203762458847145,99.44202706518315,4
38.894235885631936,29.71923925266394,37.673216926350946,5.844364609237955,96.8132362878817,58.31908042770976,7.58266228404136,74.16160379377176,1
66.5570282038363,21.462423281448345,36.83602841548973,18.215403232878305,88.7650207489345,59.284018050811014,9.202112889616563,99.34479726941487,4
83.89954871690276,15.090227145269463,37.97374748988837,15.079238071935679,93.46111043250276,35.492466087701004,8.337529558413408,87.72846806028683,2
45.10747192477902,16.901531877348642,38.225594155086455,16.09813553682877,90.3786769228731,5.198935197770749,7.410888542981793,62.430244230665316,4
73.60233330733001,12.331032177854402,36.93347960018155,0.36013111200909,94.84946610561815,3.174376537298862,7.437065459161149,76.91974896434789,4
35.97432254956376,28.457378518088984,36.69142911104032,19.25620714148052,88.6059836934026,42.33351441531975,9.567397152256692,99.60678197392915,0
33.617720481802536,14.11951949202254,36.54727717209267,14.533419841406465,87.87389418602238,8.456537809723786,4.366592779972288,92.87653038759618,0
67.19482420977036,22.377296559256564,37.78394300088653,6.095021907722666,98.77358630013156,60.68469555401391,2.0088967535694993,54.868344689561056,0
67.84445851270746,16.932993972369708,37.71418807217756,16.58789329717694,86.52705524424306,88.09730056396575,4.1756364751855894,85.3185998404998,4
74.62009310487446,21.97520404528428,37.59339482542814,5.630423968298599,92.58936861602398,88.29148165187222,3.743131037013952,67.27897929354066,1
80.82639336058631,23.725566990333554,36.96389419223195,17.455076791322558,88.31279174444514,65.90454101322324,7.294676680911985,50.349113094017405,2
98.30964556237743,26.93535246672963,37.28181199181103,2.2516078082387403,85.58394944988501,21.1231831472931,7.069692798124232,70.17404845134998,2
66.14102438108367,15.715582891690858,37.688952670372345,14.073719549215916,85.54028227437139,86.29968313588721,6.7476910616377905,61.73772108624856,1
52.606953105887214,12.19792491585265,37.493533717718336,10.813969532898206,87.62832658158742,88.60934353132082,2.1299475456756296,90.94346352602358,1
85.66303363380925,14.463941341238531,38.47557104042978,1.9306894039088163,98.00155531759,19.66535849529587,7.83022443560518,66.86653044228828,2
48.95825758834519,28.20033555326589,36.772879505113465,4.83787656517678,89.23718115965539,73.74260857706773,4.588243299883932,91.37618469769086,3
60.72799944939453,27.730021396125274,37.89028910809519,0.2480807255462958,99.25688755862943,28.651954892712293,7.320447912053049,50.029896941739764,0
35.49194669395862,22.75343583906555,37.308637536208586,9.375359309290117,93.72433439483791,80.26403123529296,6.452627428017227,65.39095750130596,0
31.774552039082025,22.80930348780576,37.35639922985123,6.0253052152000075,91.54921284653149,99.72378999036027,4.741847403423257,62.0582607153881,2
97.38538902745475,23.9706601418326,37.93519553131635,11.967149685955176,93.70133252004182,3.0026005329392813,3.076610136832862,61.678368053430546,1
88.51860843585442,15.156683015222093,37.88487230264874,5.944756154172344,92.75047577839402,89.73658657909318,2.7553511812838476,53.40933098827313,3
78.71819442655885,28.459415026649275,38.48251198740438,5.998382230139693,96.38164380635988,62.26305335986581,8.652146664897788,59.35621352052509,2
58.62670610899889,19.537869448057315,36.75678857890825,14.863863974632068,89.23744098959278,97.33826191648211,9.347180336652464,77.777478494281,0
42.130602404959205,18.896493508490956,36.708219298768334,0.962856719567069,90.29575587400454,46.50095175264276,7.198304374114397,64.56805364188722,4
40.95059298697602,21.340518695091077,37.948677634257486,18.057899903839743,98.41141453799877,84.73879305713737,2.827472918883867,70.8697391164574,1
47.51700287152167,12.84538740195099,37.65677383401282,17.04527748782363,99.19684769725609,6.239406859827723,5.216217735105926,68.84334401735943,4
68.44586652942843,14.99310063760943,37.04832133311961,13.35609366452813,98.38837341229711,33.527905007829574,7.831513600841258,93.79524624999473,2
80.02171458900436,25.284605095674667,36.65883873797797,11.864431402147686,91.2917199093597,6.701653775120997,8.238567072080546,95.26494995052578,0
76.21381637024119,13.490376022652276,36.67131649919286,17.846049962793046,96.70548254510322,97.53431334790706,2.9457489783287087,74.647848582793,3
49.595372786216004,22.85673797039499,38.28838174932824,3.706603590574289,92.14503599951648,81.69739072718367,2.0002457507630593,66.50779751578023,4
96.84056964642359,16.416283974263777,36.883734649437486,1.5793832438165722,92.46309778219154,85.25474212459704,7.69709636704484,55.34003520011818,3
81.65278416870379,19.00732105275558,37.146743124231044,4.790203398190762,88.07020163585926,93.79652314338942,4.852769407889645,97.67014396910474,0
68.80478367579805,17.196487261872598,36.95331280445398,15.891565574003806,93.86695454887774,8.510348611978536,4.035850652946082,53.011347245014875,4
72.82045223640466,18.402108896369086,37.20999261166387,0.6934053345296665,87.79203846630021,38.55975925133334,2.1031797583162035,64.88251387841402,3
59.372004369945294,24.94282629331642,36.63884768549219,11.656136701669793,89.97347048600791,7.103488904400212,6.322395254091997,64.90331005850021,3
47.34116926508102,17.34819088121715,37.53811958181654,19.908750323826197,97.82545302429902,21.07931015500286,8.809205883407854,66.02006430701074,4
54.91808750558831,22.19528352534415,36.63522512718443,17.113921876750787,88.10613713816282,22.936577703767234,9.661053170180704,58.214342163620465,0
83.04922773250584,20.568907239583794,38.10071301564472,10.428913780871788,86.06737427760149,46.91072110475787,6.525959604906314,89.15807154618486,3
31.00754420408291,23.946080976527668,36.967424163820866,1.2728181857328469,86.03511388919225,26.856216745364257,6.115690621919153,56.12489309829946,2
38.12508483548414,28.862935307845643,37.58002382920902,16.627470287714196,99.11176780754661,10.09781068177611,2.680451083913929,81.74533295765814,4
33.22018494152269,25.186297749784504,38.26015817512292,11.97957016354421,92.60380656942752,16.749108909410772,6.390982412340798,56.19230133529087,1
32.85101616232791,15.868926814633621,37.80175473809439,2.2986599411913367,91.14118107725527,14.727556355209092,5.039832631723157,53.52678187964783,1
89.8822408807705,12.561296431103123,37.56591557310267,1.877145696467124,97.16317871511878,97.30767979122983,6.8570822470686155,95.47147518429382,0
79.25605015660166,16.72075279739685,37.14866750623075,18.19253638873185,97.53738891865774,75.92925069184736,5.109810783012374,59.506438315935284,2
63.19216803611276,22.711402752604585,37.166003826116395,13.384005258761569,89.98286549673406,96.7761465269562,3.922392987602934,91.0625077279852,3
36.848391245570106,12.925664642716507,37.83897391039638,16.58573598633511,95.40427086210693,43.974048650790856,2.759722201827012,77.2315435553568,1
64.41311125817826,20.934592449622254,38.48827872244234,17.579578005645345,96.5668422377783,27.83684816626566,4.519347556711166,53.89282598043848,0
63.143023954639595,22.743171280504008,37.823678379698755,11.435447040966444,94.81976030298932,79.82931972091866,2.7731586743020182,97.77240957190338,2
42.124130893701064,18.016390034705296,37.61556683474005,10.348927035100825,87.27392612200148,32.62539180411468,3.4151756065918715,62.34805834959462,2
60.369615446658116,25.876419667424795,37.961301020478494,8.608548206419805,98.13824625275586,29.93833737053483,9.898689268636367,92.98226726763033,0
57.895331407816144,13.918768556407892,37.430411224567436,6.338931755822386,93.08641829104013,23.25059922078312,5.552828455252949,58.44050028922821,0
73.10950686365516,13.352480071244557,36.62028468520157,8.691919217174235,89.23708639555005,12.967897822423534,6.254974132040132,92.69714410709264,3
74.45655556073507,25.107397611664858,37.62459363175582,15.477593114603128,91.3784227815654,25.646306101676597,8.988948229897723,50.6614406452647,0
33.17128068404312,20.918843691711572,38.41525056901076,12.03846862030263,85.56356635598361,35.53197484738877,9.964551203925502,75.58902282847403,3
56.22288302385299,24.39124313569925,36.85060588471532,17.850465799096924,86.91800201833627,67.39942081457303,6.661715594757452,88.47212897107784,3
73.81019409999655,19.826892094867432,37.880009781641334,8.867600287583755,96.48320125773792,6.256484221945158,8.499790568353372,96.73977587463916,4
65.21953810060614,16.435236598303923,36.90186737731811,12.14179157437508,85.00017452133049,21.050693966534297,4.615528194693402,95.46010681032436,2
89.95428888318256,26.743841718135595,37.57165536894616,12.626151061839774,91.24848742723438,80.90236402916764,4.445951659578329,90.98124347738224,2
76.10855421332616,26.389485821441625,36.69335289929344,11.83394324612651,92.83765271628383,14.692192358377076,5.221629767956482,94.4095674830652,2
41.405409895700075,24.50453647537968,37.40074187251637,14.052675461710326,85.81951630001458,34.26451465225215,7.380058101389193,59.960984291853826,4
34.93981231803009,16.898612470139327,38.012326657790496,4.748669367496126,99.596172444585,86.46589218581401,7.45753351404079,64.20921478558644,3
74.96934947444208,22.624152003643566,37.195143048477966,10.247275550915813,88.39187996874507,15.492531114344265,4.5219154771956065,64.44842624605292,3
31.855791737913528,18.497530144920482,37.82982344897444,2.0844960561669534,89.56298079454422,8.27368356181899,3.0656793930930295,68.85269655008494,0
71.00429068914244,13.648477319879415,38.09089992157946,7.690226552896251,89.55913768382541,48.45379950800108,7.0591700517240685,69.66603351925943,4
95.81611689974703,28.51164435832037,38.35435563895891,9.753341372425288,88.45624993176025,30.24195112785364,3.026606897510116,77.22776623273377,0
70.28319245131152,14.462735356541305,36.96928416371091,13.04448519090945,85.02210733129468,56.34083644838541,6.627940065834641,57.99398816832207,4
57.17189483445654,29.104272368774446,37.298631831618614,19.01062105172407,95.94017191131995,80.38048904834751,7.547377024450472,84.56233318929947,0
75.03017529096472,20.028103913243203,36.80483202666083,12.013021330967117,99.50268249698928,13.714848815274316,7.604891971155613,58.37832696522533,1
62.07770233440616,15.332392719095154,38.48496700431675,14.871878323531195,88.36440224927567,58.0699084554285,8.027776885276774,65.51542410522738,2
68.19317525211545,21.754217052810446,38.35400193584859,10.125321189904055,94.94570787705133,50.550876038986395,8.982875372525317,75.1672565303077,2
95.90253661435676,27.71302504577535,37.57991426056112,12.682080627526627,96.12844490438073,14.407878601319958,5.9996719357183075,89.82202807617386,3
57.027184646054195,25.180047955372103,38.18406658875284,1.4186443226754686,97.72638068635787,62.39984855289824,7.8419935162365695,86.97346166193637,1
97.283339467674,26.518100661506097,37.54191595454409,5.08783161683694,91.33943795520413,27.364041786077166,6.953381882926694,82.27671782052612,2
93.37454493692447,23.858100600792913,37.74717137600552,7.237061864102774,89.54396358460644,48.78343185440125,3.4931195183814605,57.78866302900851,3
43.70537943525075,24.460978161321343,36.67824886423203,9.449867100130271,89.87942701034547,8.227232427706188,2.2055171589552653,77.35226728077889,1
34.85529106126158,27.285521728175745,38.01054084099361,0.9129749100476747,95.68931999647769,45.958405721362304,4.27633108541547,54.37232508999427,2
37.05446009641987,16.494024159465347,36.755426967270466,2.8004819510663537,97.25169199758454,30.646346804282032,5.544269650700955,68.86815883983255,0
31.275527795608483,20.809649345576528,38.152135260505055,5.536286155826115,87.72420951634903,82.23812111853543,6.93684755542925,70.67582651449796,4
36.61100725291499,15.98176995275284,38.064056175340774,19.430653818021014,90.56411512236647,5.697872699736828,8.799674644025643,51.99057197228769,1
77.81047413914499,29.778024143939646,37.91748939548595,6.626940142061015,98.52910295123725,41.860727491832996,3.569965733649325,63.69940497349859,3
34.98320539221603,28.99306811435904,36.572320761049525,9.64082116224165,97.10040279542109,45.8431424131438,3.0043983191878167,97.78247336332447,1
52.32829412056329,12.709682604633105,37.10625671189066,3.9219542547678587,99.77287604143714,72.50060762991187,9.70783957979462,97.68163039148448,3
89.14127176786181,24.700353105282392,37.02622513982168,12.215601421515366,96.3137238952312,57.428757509021096,2.864356475011257,67.61635271262696,1
31.62903550150781,28.654469713481983,37.22027281494304,5.613664310319486,90.89792801541884,66.72123371941811,5.827928560857513,52.1550054474162,3
87.0127937812255,15.250356212292004,36.675285493527674,4.1398515687685356,93.85956750991957,77.7049285651756,6.684509830346415,58.954746966409076,2
49.729834234137996,22.223014149947332,38.37391564606212,10.33145256891958,94.91521381370981,86.22029736581888,6.330995367259506,69.610889671677,0
38.27153793351594,28.478789356584752,37.60760448142475,0.11011598320841642,86.17683724475685,31.38754967224705,2.6882572562635456,97.38898489846149,2
78.77160157549054,12.61102761454438,37.111048621316044,0.15328065298450655,93.16745438655798,53.802270536390296,2.456215312028955,57.059953176859246,0
74.02599927459188,24.55356481044312,37.29396303414857,4.3813761820371555,95.63981242708914,84.01080784391999,2.8438674196882854,88.1757921834106,2
91.4230409468937,17.352282132705913,37.39440508100967,0.7344272500164228,87.5098195600159,98.94511309650565,6.6847014709809,55.4341269687346,2
81.454973066272,28.639131516777546,37.70118866672124,2.1605150826138275,96.70947576138336,88.95193110437631,6.354759101074569,99.06287886956383,1
86.24366512693939,29.47904841297662,37.531358855392995,6.777212986775032,93.75659170771168,37.14672626243768,3.869926336293954,69.08082495545675,4
49.742420079991454,28.99679680404181,38.33878394642883,16.051713591596258,99.28332678546391,19.516651721865042,7.1021931347647325,88.7617269449528,3
42.4207680645806,20.535855899834345,37.49392696581166,11.440972867386016,85.63633447310337,48.93925374065887,8.560540016445195,67.12955414055659,3
82.54303261486008,27.516767717807642,38.48431602964663,10.253354519128328,88.979892063332,74.16414518360422,2.33263167877275,81.38344385794043,3
86.47843174870849,27.201889173631265,38.20284991549019,5.869776464162433,94.02330818949736,49.25690707532976,5.985039548384339,59.60080423700184,0
99.33535994004713,17.7438085183786,36.91702102871467,18.635074388656328,89.44839868308895,48.31808633136685,7.514483296821522,57.30105096484813,3
58.88323738379985,26.920478534712192,38.36119042928783,7.940300824743833,95.71636246106863,83.82304210818006,4.018495416557497,96.90320697840656,3
56.04126600549482,12.666137424878867,36.73273279577095,1.7418553359154298,96.38507923782896,36.14037790671863,4.462167242345193,95.88236389522167,1
84.34890725193978,22.732857812676954,38.134899416982385,12.341330322356026,86.53773946099712,85.97946748116456,6.9091032239150705,94.37344701064413,2
53.85624781771125,16.140159071178655,37.26124658695316,2.276767869532028,92.70781696310152,40.680480095172356,9.183482347549894,81.27167250832967,3
95.15301279224953,14.17020394399102,38.25594864089014,6.904462856033842,92.63335833386584,32.82331056783394,8.479395362423194,90.41341056081392,4
90.08889262901083,13.385157629325764,38.2361133802149,10.148238774356177,90.53921155323312,45.3989911199699,6.665041752796668,53.451846845568745,3
60.02958191625129,24.533197965806515,38.111850800235246,17.484450493703516,98.99387293854508,76.24469586748684,7.841773742057994,66.73945209453396,0
82.56097474540482,18.11774934782519,38.080060872614126,9.870931606802372,97.41259479809833,12.600202786399429,4.918579761662389,65.68515623785781,0
82.81800118592776,25.045801887517705,37.10935827819608,14.045175320633286,95.45814072864455,19.64192158720174,7.127724224790062,81.78226609763067,0
37.218670818515285,13.176414134380963,36.6618385661025,19.856336779981408,95.71489953602496,95.1444825663092,5.729452729020456,67.79788867353203,3
93.17870346756968,17.675226080950985,37.305960357530324,2.6297823979596324,91.9257421571968,17.54916273813574,3.5194890916604873,57.42533908218404,1
65.36766607135,21.71084326275607,36.847049029973014,5.49463051039039,98.81491781644864,56.77273179310546,7.613906191018057,79.82335377067719,4
87.85202262754191,26.233016967101342,37.88990217780492,7.891521511952928,95.41893140879928,57.931446666193786,6.451717098790576,90.71919603345407,3
52.40347207214282,17.737545052777257,37.192199453075574,8.436563570776627,95.93471592483725,48.96244620502448,4.868972655628731,69.10617472299866,1
92.68662599473403,23.266044775866163,38.45122040171983,8.220421505310915,97.92536355681018,64.47452485768186,9.290713520629046,56.61343575492408,1
57.24411751139142,27.94759946825137,37.78194415469066,18.1522200511311,89.11107384013286,22.982672579761843,2.167472942613866,59.83440986564115,3
30.758635603620885,23.085537387281484,38.14496112726872,14.280652889337128,97.10606355800054,55.266226777674824,4.526185209995968,61.8741652584692,3
93.37673834934846,16.193270545565408,36.765049345483696,12.158104281814076,87.92860904434738,37.21732552468971,2.4550511822211725,64.99487964972681,1
36.390067375029346,12.439214068017684,38.22402896454525,6.187454357255642,90.18012928367332,66.1667259629189,8.132218529773017,82.13975352531546,1
52.351954631329036,27.661779730216736,38.34551438102679,16.475807684425895,90.03415681404763,14.122354337314945,7.616859632910341,80.04727422688595,1
96.50433769355635,12.382849395306968,37.47412383763787,19.101210229699777,99.6778820258371,57.08774168394763,4.650817749890536,84.80399307835197,3
96.54250028562893,27.74463010831559,37.712505875501954,16.42396565100453,97.8480583562189,18.52703553833237,7.405303217656584,68.12509922657566,1
70.14065216863003,21.520868412489815,38.02961960180599,0.03130210382945808,95.5175479238539,27.86430631150364,5.167497809567599,91.19988259399892,0
74.22860485188595,28.90321857323213,36.84967725452083,12.72802740366814,95.90585142423085,21.87098003235832,8.050030331379475,60.204383057788014,3
61.39118653848239,26.378098243925976,37.50513215292688,1.0227076288420145,93.43109191603857,18.28377798688171,5.633469301893649,73.4520373759077,0
50.52475401886451,29.962813989600075,37.29732605554462,5.152144406674437,99.20636000662779,82.5710951560667,5.298237822653324,90.0469360770715,2
53.006518175894115,18.312812678130783,36.7927479843245,1.1904940069554337,92.44388129323542,28.570756766089033,9.477839323906409,59.00793238663096,3
77.0762919253927,25.809389200760286,37.23506884458306,12.075909058987754,90.70776564804842,92.71237818644494,4.007032799125602,55.49315568703915,2
82.66621706063759,19.234756444966358,36.636344618770984,13.731798269852135,87.44553005397387,96.99265253451908,2.9635787199725234,94.18419838439948,1
85.4105330608094,20.63776116547036,36.55162381389897,2.2897527613181023,96.79308478391587,57.126046993709735,6.676344906075665,67.14648313795979,1
85.27326999561878,23.29509833793066,36.77033257830965,7.67677766089959,96.01665898113387,14.30011226657264,9.754574498273431,84.1935062454516,4
36.38442721340833,27.726188055354097,38.42623022317835,9.124730179110841,90.76532557786203,37.45482433795813,5.022713709817493,51.267430213196924,1
64.6094213291807,29.713502445587313,37.59905907179004,7.381060435218332,85.37790120938844,79.7732263348214,2.496294109030252,84.50234442047248,2
34.0291132011651,25.828921449561328,38.43164432230644,2.420500009703861,97.58495991577016,36.739072869707044,4.71444213847654,65.80506557734853,1
68.46702176266149,19.51980207901201,37.364995756660264,8.378955803749509,85.17126975181111,8.701721830278874,6.0474532345564675,52.787042679372085,3
60.907135096136386,19.584426040987264,37.12363226617052,15.023560956168362,95.55549669443576,55.678491092818795,3.2953840530577097,80.49063807740585,1
92.13929279308098,25.276481428600047,37.51228372568049,1.4201532906651093,99.55385664589086,84.51208514960348,7.264817744451936,62.04019080365866,4
54.5640508786455,16.29798862382944,37.37902337726582,1.603600281638069,91.56491992222305,79.59263871435024,9.981995112081606,69.340362102594,1
38.19469114993241,13.988534036365104,36.71132936852349,7.095425836719684,88.5246010749393,17.512314013035322,5.6139158078515505,54.02904061432568,2
40.009417743698506,18.38319883753398,37.78165262938041,18.834514232378503,95.57306515065072,67.27646144124667,4.837828453841701,57.35816255474727,2
83.30574422022306,17.170301849773473,36.9320763650192,13.371452934458281,97.25692213023378,22.05042634356471,5.205633334675733,64.89886177479218,1
73.27526443213827,17.33354616820782,37.73917590979566,13.573399133451296,93.19645474116771,21.820753455217222,2.921169427161609,54.48797502800786,2
37.07858732859532,16.204939518898378,37.800402184796305,7.238399816757299,99.5055291288422,87.40717733051852,9.066188811409791,95.54131323431577,2
35.88747642804982,12.757677413454514,36.804049706257295,11.873215824170769,85.77503082486942,24.966895274023017,5.318605244170816,50.30235215919892,4
79.0678392021384,12.321730825201449,36.62269925422134,0.20262368055486757,92.57193397456793,26.32473465180112,5.0981952913987305,74.19301094321557,3
35.09341044549355,29.779003015248566,38.06152317213688,12.721920928190844,95.77680920983825,0.06533907612995549,7.277522183443795,56.162372906627574,4
87.53020415032493,19.699916407245524,37.41960084753864,18.265738951524735,97.93960706723769,87.06690341255177,5.536267367448988,65.38395447389743,0
79.43695590095473,18.91787964887427,36.61632759101095,12.251469366896384,87.68883417861684,79.25948132091347,7.185867750462768,96.30297799091328,4
35.69441464493298,24.233651088475256,38.48973263433953,17.473971869326903,97.00005222645522,62.7328935090678,2.4915703210463,58.08472766369934,1
35.938639985963434,15.928569981571155,36.615561121992734,14.479461109321877,93.29060613577818,75.02657639388423,8.50978674977782,98.29161598591662,3
99.06477049508229,29.099301311104057,37.89007045771711,2.411168328073805,90.94830522984945,15.20485674244918,9.52403162303522,60.289718849471086,1
56.19895570292842,26.15421025947994,38.467357850526824,18.049066145716836,86.9757254286864,45.832359458757544,7.190123089275088,87.07830542334148,0
55.944950294682364,13.609398041620672,36.97836020843185,1.3288768871154977,97.97943638363368,35.121938734878086,9.636527430870487,77.33386324486558,3
86.89596970802518,19.51645396412871,36.78449873737439,10.679349450955275,87.35909812269573,9.37765262570165,3.2114585149597064,94.22393637983797,2
96.30740041687011,27.824129536118964,36.74276987884486,2.8427424758691533,89.64681788813648,48.61304852149241,5.8193295158428295,77.69966277515655,4
99.02007446760096,29.005176401245386,37.10655029513519,0.2341322146180813,89.35068297943656,92.07396503426354,6.814453871563578,76.72796095781544,1
82.73647296812592,20.413227202497655,36.70209162202129,8.44068520255278,98.07121051286282,4.005911905069448,6.6538931793694935,59.772900018419996,0
56.338170987164105,23.04140500579274,37.88432268338826,5.900814153083125,95.09054491313347,29.14609134937939,5.211694232712346,58.311468102582936,2
35.845050168906816,15.006611029657353,36.62458359626012,9.72000987595206,96.95022095787058,20.754093620570345,4.704675274930091,95.82445755577571,4
84.40028411492057,29.84103527046558,37.51884425629958,11.543997734691017,88.75701848188748,23.81466536656963,3.0145921804033504,66.39190994250171,2
69.08829748150634,16.17009062490198,38.493393707705955,0.8747814461789472,94.37311149410499,90.84345518793752,5.1339396044982255,68.6041127481448,4
59.69554064728834,28.96917193443226,38.12794053901204,2.4600659024749127,93.57618974715623,46.806905423429015,3.301286520843881,87.99118292141942,3
93.44480695663151,23.69363968186263,37.730438876462024,11.172847929008507,97.49245565182406,46.62994129398188,7.874925411937747,66.94117412114036,2
37.7838237614306,22.93926230781946,37.112507241573226,6.863347063453165,98.59130590721891,76.05756424552823,3.67064748395672,97.60312233195015,2
64.48375730036014,21.228393198297155,37.747791672583276,14.58346975098896,85.1823515721608,15.44922040049258,2.468522442276271,86.89638844994002,2
30.794755133719335,16.152056610919658,37.5540829278233,13.045832971838793,95.1102987858819,48.72653541000508,6.4189291025378745,79.871462128671,3
62.80624493958884,15.17750457609915,37.352166767780744,16.912087259798135,85.77753698679594,42.99852141210597,6.761837861755213,94.04475802723763,0
33.94122929772861,15.968751763263157,36.7614207534804,13.849856533384505,93.23287997616033,59.69106905466561,8.975304490244044,52.48029541747414,4
38.31725413876504,15.355888718596582,38.273208430480935,8.598621547802964,89.31449093565517,99.95577032504386,6.615852899341455,62.85313460946044,2
38.22683727439734,26.03252052420156,37.39956929764264,13.459332447888649,89.60164899283211,76.9448894082047,4.763846829787566,73.25181671104549,3
75.44472114812444,18.302254665001144,36.88924502364153,5.50762348510837,90.29437755178535,39.78657030174272,8.424095052210564,61.34892697357605,0
82.22314154857963,13.041168178141135,37.23551870175458,6.126269975564254,94.31938673574415,82.75530522740469,6.3222311454993685,87.1952593651076,4
70.83581355680117,29.443847342534603,37.32825950505785,15.779703198415866,90.01074948503154,17.070836331248017,2.634242277049534,95.96040155268625,3
97.35207839321794,27.908145929341664,38.15507579113375,8.928390328031643,95.9904857588542,3.0463686308960125,6.526804482505973,71.18850599654617,4
56.24094056665928,28.699541097513833,37.967228761122804,15.96760681036705,91.06791078360804,20.444837246427305,9.264148363373298,67.10663000559475,2
49.99984603973025,29.908340807635835,38.03860978728268,16.44844747336557,86.02529800464939,34.041155611425964,5.170501003985764,98.07753660687831,0
90.80193897326222,15.13011448595077,36.5220625288573,17.151246753225674,96.75639763726161,51.05807574595599,4.3706064151984005,72.24262164137704,3
45.65170869636168,19.13235634024786,37.332307996359525,18.332704716824146,89.28637486889059,61.51291405411998,3.1477556561441604,74.45242002246417,0
97.4255777608428,25.648292562673646,37.462688303270646,8.619704410265925,91.49150319398893,91.06057172144217,3.2115641754828586,67.58249361709527,2
30.850813228287144,24.52837112496826,36.53838455364611,6.377336366422776,95.28165824832853,50.98540095504577,5.462171874734551,95.47742365060691,0
97.89151786953474,14.770126314117391,37.019626417490066,11.643974931882276,89.98684235723069,50.127564462572934,6.765438593292236,78.44777416409254,0
33.02119383654033,26.68499624983112,38.02057964624427,7.423448468752552,85.84878484220073,5.024300982298213,2.644923241356814,88.10872935908223,1
92.38001795886498,16.039930293059893,36.774219411458,12.021483336004659,90.6088157051922,3.491155265622381,9.516548712201326,90.59033591754431,0
66.93907763604099,16.028717066807214,37.57062026290518,14.111717252876492,99.16672874041456,55.11599619163721,8.041068939561567,67.09245209586291,4
99.50753572835103,21.665539612081446,36.93040374403448,13.768100369842738,94.62601595947837,43.81786132483445,6.692991346269301,71.684716566019,3
35.16575953147792,22.672918827150657,36.52424154928779,7.491057740402427,95.0721872300081,83.91803949802986,8.627509367511927,92.42358872031323,1
68.76979990809245,22.441551741080602,36.98240291519908,3.3372040339750564,94.4842323045646,16.067958471184518,2.6414940544969063,68.16276758379051,3
97.85117749333693,13.646763073159587,38.45174750982011,8.61058676924415,87.98488208439156,2.49716621170496,5.814711021864995,89.69675667259256,3
66.61684909191041,27.794295527346847,38.10307422376598,2.8518828816381747,91.2750079615342,44.903876793012586,7.040745014893307,97.04961612872185,2
74.05790466946837,16.78080076659671,38.419153288642065,17.801940703676166,96.26409697544977,23.74785567522575,8.629223248946314,81.16051865340035,2
78.7024082289232,14.331268583090475,37.47570808785272,6.917549214757148,86.52059346329739,4.961437333883745,8.26775648039414,87.08136437259444,1
61.817874533744124,27.997465437641587,36.719472397355005,3.0891949444664757,89.16779164134569,72.4598286847629,4.216553997707197,90.25486560205675,2
73.92906560588443,29.20172696813556,37.595918977947385,0.5089551981150175,89.14478662698781,11.159299995724748,9.527041356473635,92.25198244483212,2
70.90200183461701,27.51829711077811,37.40875466911992,12.916447725729686,91.48028391391759,60.83195000077717,2.994766731446963,69.7526668928398,2
93.08106073436923,26.571289345047806,38.18871416547923,12.738046349094866,99.70553111413278,28.104975016688915,9.001068948969216,52.56317295879991,3
33.18124662390205,23.794355651502393,36.69616516156849,6.812083331625834,86.01253820025732,17.3496050355022,9.767521996836948,70.09381356183698,1
49.66742327145612,21.915432670964506,37.476482274043555,1.4342377769530201,92.78051491570892,37.97515229193175,3.4172281857810045,83.68781148920449,3
96.52880388535911,13.565761678405382,36.80009732938797,8.192577897904641,87.69047023018315,80.14457762229537,7.776528513630282,72.51751928903964,4
92.31846487236413,19.35215783527258,37.14935185378012,6.224349901267871,99.56014818114616,39.20935769045727,2.3222841502239877,87.44815754301993,3
61.895972694999905,18.70839330622165,37.9747141547756,13.542412794700187,86.69955257091196,75.07696492110557,5.24338260111324,67.8491214734332,4
73.40928184610758,16.675568107685873,37.452036258737536,12.115584989053808,91.05401503542387,12.548629679915068,6.130266393581392,81.73720705520148,0
49.41668280867928,25.02156204639453,37.25177657029154,7.2918745639508,96.06827477251909,77.27714196650791,6.645161807277073,59.32099024269873,0
43.16848118066329,20.925763231417875,37.28895255714007,4.357851085099802,95.56831642041168,23.693332490664865,9.487497985988476,87.46847183224784,4
62.45888834579875,13.458831886337663,37.41889353681197,19.760719323111836,91.34092955340898,67.73931298888728,7.3780054983535575,77.28479844065129,4
54.7346559618237,15.963297635096604,38.07003308767411,9.080032423922297,90.19786251929078,56.57815548409963,5.850223609753896,60.203219427330026,3
70.85592782956104,24.298657745872728,38.28416937788047,13.76548471560474,90.96418567829306,92.91447172116874,8.477400290127115,64.59555867489036,4
35.44142458754894,13.370355470825404,38.410669373007856,2.8110593515672155,88.96414394737958,38.732251797531404,9.60426256763527,87.43043542909162,1
98.20763653663165,27.321724452877838,38.07380677251059,9.711793993187957,88.07999408060199,6.616518883444044,2.1765291894583267,74.13006178307603,0
99.0347521135722,20.912637486251537,37.130813791496024,0.5507343973893097,92.24559546338335,1.9155485551252904,9.86017017804831,60.80157201965361,0
78.87131998138216,20.650558391879663,37.87626941217309,10.109102358208998,89.0280063410141,82.6858560972753,2.6890571125094427,98.36355951851488,4
67.52674564408844,22.663340123871315,37.375206248110786,19.280348142354047,89.31192497345876,52.473563766143215,8.51509423415009,85.75625099084439,2
51.66693314004294,26.844257386652686,37.009341244092106,7.6841342597160045,94.85134095211836,77.52440518349492,4.2426780204113,97.85674162698982,2
86.96565137948642,18.260565742239475,38.181743158851845,0.7799202514982317,99.52805997549838,23.44256000115147,3.057437262030974,71.35525226801715,4
77.93118207877154,24.204290746063144,36.57685269792465,0.6191158183868706,94.05455800839063,34.50837455132337,5.518845117710679,73.75501703458602,1
41.38318575414239,22.18317535192424,38.303523984270846,7.75973519893739,86.1546920059745,3.010387221131894,7.151652635580908,94.89776080925097,2
93.76490291456898,16.806508863049583,37.42295492924947,3.200498729263881,86.13375420781101,96.14923245741122,5.0476147601878,76.25246701226924,4
87.57760700462183,27.815339754392845,37.77440295361656,0.46704192656371823,99.27134831268349,66.78679067008134,2.4365232662615917,85.36394559528335,1
96.48599393043469,26.353668388924707,37.81870784441156,15.124272279003536,89.45936185461001,93.32050877593062,6.795689117269733,62.6086438747765,1
80.8003655871852,23.852133023851657,38.29023548141307,9.170460177637814,86.38100479123713,26.549640742907233,9.219226208885399,72.33632343513203,3
72.93906371550528,27.310471123696352,37.77333936433441,5.7848954394530905,93.98566880725572,61.146361122566084,5.065722927578014,56.17249329051776,1
59.27701254034332,27.611295617276443,37.727867169520124,18.001663660329616,94.35473167435399,67.84999682926379,3.7306622210466163,60.299001793848085,2
95.29099383478093,24.750533580870627,36.63330408112138,2.322779204010512,94.72757230178033,31.754970025758844,5.540618767462523,50.04717076338155,2
90.62447226502859,27.066239910546095,37.53681604389041,19.118376579106386,89.01103041786313,84.81092350156301,2.386901688390247,51.963252582433014,4
33.16530690743326,24.554486310047103,36.80033800163408,6.279334347547056,85.22666026321713,94.71614629002478,8.563900675842198,98.86419115884647,4
31.84568821480764,24.242533891685408,37.97486753744297,17.768073446173624,99.47523054181708,88.48551176960044,8.610726487601493,62.117684756838116,1
56.352435681463476,23.135004807873315,37.52444384162535,12.05885752958923,88.76339568536653,73.90669759393725,6.704003707437027,83.1655354752001,0
86.7387331547283,25.548899512037544,37.8604555584167,16.53414719482975,95.14039432078822,27.746467972495402,4.824823111507116,91.95498493998058,3
99.1093290520461,14.854891895275326,36.58334580120477,19.680263264209287,95.59944804818065,28.161604210563173,8.398266915566268,77.53302296182821,0
40.52918237724697,27.85567366558071,36.669584032091606,5.7681087563749145,94.15011125619229,96.3360320446038,6.437496198306937,57.65722500419781,1
71.58915007464947,27.693183499414175,37.93264677612537,19.22270970815186,89.69361091320472,1.0284495935692028,8.607458468400129,86.40582186680831,1
56.66235996417151,12.526451094622065,36.64416867199735,7.789637898048407,89.06644380646098,71.60499732421445,7.051670340664165,80.01257050497915,0
97.89400784702222,26.86470151016573,36.64251345553052,7.710238094738447,93.96502424054054,70.62461625552622,8.27524378570238,86.56252946736876,3
88.9483246194996,14.319657614522013,36.52421695046978,6.807742085090114,97.99143450417537,62.26895409497975,6.78850394574208,88.48733114285436,0
88.68300932977965,18.032139376664553,38.41300279659896,10.828152146951703,99.20100593385094,99.01088460868658,5.31312854572533,98.77051838423725,4
62.80852118564792,25.38314861324894,37.97501671891801,3.082900863569742,86.58858706605636,31.187943576372522,9.6635668794091,78.6781640013355,2
59.037365163636565,14.893678128869547,37.20650281700413,11.074229707160224,87.3224291889658,33.997186379324816,6.328910599030758,67.0820556345301,4
49.13849503514943,26.72340643414312,37.09307116257531,10.83409624820008,99.1710438817462,7.893940294655555,6.840716148324307,82.42322784501185,2
33.9462847655649,26.978415203239354,37.1994064594917,15.2380362520974,96.04802842502188,44.27981365437375,3.763901115317994,53.422035462131305,1
90.53056633785373,21.134419207695053,38.04930706236237,16.67299923875171,98.24490737244659,26.10485262348481,7.005206315418212,94.8698659160793,3
86.90307063910544,12.114945690903005,37.82274122214083,8.808827006248482,88.03948951203014,34.338670217764424,6.572861195863551,55.96905056690984,0
99.98023713002914,17.166686397148432,36.870391135734934,6.0466649870298745,93.81378806664102,83.45717902556277,3.4787071835761996,66.39214189429092,3
99.76457859517338,23.104684530763357,36.84821867066817,5.186697946341889,95.5170939162621,93.54845135274957,2.4766967788251497,90.78726903130604,0
68.88021939218392,29.661351204493624,36.69679129942679,3.8924767340974387,95.20167828170459,18.573307200518563,6.834874557718169,79.8656189165356,4
83.82911906263573,23.37264348630003,37.82060543940268,1.1529516439804977,91.12227536300047,37.25089315534659,8.109538154802564,69.68177601387211,4
96.13360109176996,16.676464459154875,38.02874532444347,6.848959576694266,85.23092337536963,92.8630562115394,6.187210967376066,73.67178296875107,0
89.47531734741881,23.412102655793007,37.03009285665001,5.404953842615665,93.74389085206394,6.180846068922263,3.8141810025571656,92.72736966010902,3
47.31436712202384,21.7197368348854,36.54188992206183,19.328347717328146,88.79652308769413,9.236052811137851,7.332175813544279,67.00021930299461,0
61.53808947170654,26.037217112720583,36.664343334952854,11.154176525000878,91.75381369214335,16.279098920622936,2.640845812876818,93.48248424060856,1
39.04115906060465,13.925651498885252,38.43572006969006,6.945540780610151,99.36371522625726,59.521283412687474,5.534669638415637,54.406721548834575,4
96.78357190811056,25.698502245036504,37.09088955495484,11.60935201987392,90.98552976463652,15.047227100599747,3.3069340671873615,88.83992186043153,1
72.4322244115616,21.742798416169983,38.038446295676266,2.78393402691391,97.5970240999664,96.80763814507335,3.475672408479067,92.37738165273682,4
46.00499638524239,29.333856069461902,37.749327137708526,8.880874984044059,87.82810908623877,44.671452725852035,3.618351593265629,59.09088264186694,4
77.01904790840997,18.15369898869635,37.26387927930579,12.524686428421276,95.08690747037544,50.15179603501664,5.093656456351823,71.51732661861001,2
73.26897683205272,23.387194076411067,36.91137452439111,9.777956635849028,99.65510431658416,24.66586158054065,2.409201644963181,58.27498873318278,1
55.071390262298834,28.776505899180314,36.742772836318814,8.035576013086486,86.52839651309405,47.09602524347335,5.1823475274327855,85.33020644971089,1
37.94903145397403,13.845175103832226,37.73002593607773,19.876967777993965,85.12479913340788,66.19136326370115,6.093659576917607,76.76738840308283,2
77.01012369149598,28.87011277025612,38.04926756127558,17.60629524297854,91.50374188948922,75.11771369540428,5.866354279730602,81.76616733541604,3
66.42153906326553,24.38194300141464,37.78780850708226,12.468119163188803,86.3893822457705,75.3868082709913,5.0622728032243245,59.824348347810556,1
84.06228742149474,13.221067063893095,37.560604266498316,11.387547223645655,96.22576524514346,57.789111269408835,8.713172864566019,60.587293102620976,0
66.41144507783955,17.417344205042692,36.58390244686327,12.413209596491681,98.71822995772838,90.43597749938573,3.162613539364033,52.07486627549532,2
89.65270502229781,24.747097595615067,38.43697755518877,4.0262421564486655,91.51031459063138,81.74078473061094,6.045573950250992,66.10337675978649,1
68.633478714214,13.212310826437891,38.09742838330915,7.902754865286372,88.88067463233162,75.70481146986255,2.4963313356524344,77.98723306668374,3
69.26565800747704,22.47906828317292,37.08564407340193,0.7891906578179864,91.51604978509914,5.560552168046062,2.569245431023278,92.89674569986644,1
91.36575218608415,18.22589502515322,38.4599406587177,9.510920749736533,95.85171726775002,0.6877962219649314,6.5909267974167705,83.34637237293404,4
58.243800634867796,23.17647931981459,37.70376317927264,10.860491679153263,85.13581242370556,21.244727719547296,6.528147399102568,71.76981616998756,0
39.38106599154485,12.82335660862523,37.66484531641449,4.554994722064192,93.84180984227046,66.35235939134523,9.024268102755656,97.65600571970688,2
32.014787341933726,27.687662510742772,37.996146358859065,19.280576943310276,94.1993752733107,41.119748888254584,6.462989405280585,85.96226002879159,4
82.85960789715332,29.522801445193146,38.12353957618028,18.18909221874484,94.56532370343903,40.24062592993117,9.678328163238803,96.5082601431275,3
73.42166859474253,29.439801395142446,37.81295721466301,14.442864709118117,88.63033119971315,88.45868882296138,2.389558787199438,76.37939866360828,4
79.28558376694565,25.493732971372644,36.7561914927324,10.667732575307252,95.7107908506719,89.55628481318388,2.7840614782459285,62.94521373965698,4
44.90749130562375,14.341552322351376,37.176535011988996,17.3993831929537,86.37087229497665,90.91752640535857,2.352526892563051,52.6413343182361,3
39.54600329107389,25.648737526722407,38.3561672806521,2.6130468764692583,87.98905504700201,31.38780765150273,3.48221480266832,86.30424257419253,4
31.018126596751735,12.442564496258427,36.949231223687704,15.8101958854977,98.16205069981723,69.10558127392618,6.330160887533425,56.06514990027671,2
54.54112911646179,12.39822392752195,37.244334047675025,2.496416279336966,96.0808472608985,27.163318127436963,7.164577451419424,65.13875641359836,1
71.29423807982431,17.82498394469174,37.36415376588839,15.884213250988108,85.20618331017018,19.060983307444978,2.3646812635893504,76.62354539419488,4
57.45708315698126,20.795577427283984,37.378809979388905,5.515351365027139,88.725643905547,18.463245734736923,9.567767118764795,78.22082938898738,2
60.62324454166104,25.867333520540278,37.72587916498905,17.541811620363777,88.21609724489747,34.2107620863594,8.73732301320305,80.0291598493568,1
93.29110861456239,24.299316778917095,38.386151675489415,18.880841876507958,89.06209492055459,42.99576197798217,4.372899857256745,58.31276651748503,1
54.37788269163103,20.02624871478147,36.98138542366501,2.9759193881023127,88.7133965541983,83.09491710550684,2.6175002418117437,68.98687024108244,4
65.97926424118675,16.925279993069985,36.74300275260184,9.25351210130787,85.93789443614268,11.98910934727121,3.359096585752458,80.85971135584833,2
84.85571089188002,29.9482410028388,36.89494097971988,19.619747563253704,91.8841077489523,73.49258473948942,3.0155553100397814,98.49094323168924,4
57.75799476248891,19.671263440247515,38.27384980041854,9.668148719462932,95.99100212179248,53.14549141893053,2.986270234391575,86.38155688498443,3
73.54606901595115,20.12496643793416,37.79162162531041,17.270950450290904,94.10097587076154,28.794534267599246,6.1484935093258715,96.1301878546979,1
90.36545961227216,14.945228781450044,37.07181357847832,11.774630442626396,95.0930750289712,49.281958453282456,3.9667795399472023,88.11060291570885,4
96.46644365603495,26.30657187749873,38.13189387793724,7.506598158392038,86.21723767804359,29.994206977702266,4.865117732233156,79.58584844462003,1
40.295143665032654,24.486280064066797,38.22273999272687,5.715671110517404,99.27236065265181,59.608195523830595,9.91604266707458,59.60116845681723,2
94.86113376130461,15.973853030197688,38.19302867738055,4.064461821721745,97.57737750764537,43.38439228552442,7.474513991402758,83.33428259462565,0
64.44814051556767,13.482858821085168,38.337853067279106,15.235963827553945,97.07635477743494,16.440552907887874,9.59184533637601,81.16897829799535,4
48.07710718092709,24.248987437344837,37.00448204034672,7.7308101364605575,97.34475707562652,11.658307455569672,3.1404524402649248,80.12345852286333,4
62.13950293667829,23.781201857060434,38.01008385749255,10.225509244015022,98.99065762199142,54.66956820721302,5.057115798660554,74.48929339941203,1
98.6022802699834,16.918671485967767,37.42107899454828,9.846509600023639,93.16380949170546,90.24130332861034,6.437854426258834,76.43283019946378,2
64.48326657950088,29.115544120507387,38.18399710578012,11.545580584662625,88.00423026801438,34.395768655768556,2.614064495109904,66.7221263559052,3
53.012612720125574,14.719042052056205,37.956981354323226,17.311542912491046,94.25175411778812,73.30001072226231,2.033499549023663,75.96563463211515,2
74.3380598021708,19.782026418766833,38.05289489299945,19.61478687166859,96.14322240501909,65.8661354939767,7.36347467037534,59.877795283923916,4
46.810193314473516,28.98508656301678,37.812323675362144,8.151684171476338,96.06876090031038,93.1554914309481,7.134556134411483,90.25871986801883,3
35.310432967606474,19.5550917046702,36.85485753893941,16.55037844212606,92.8217353625032,82.09810172991409,5.286310479996894,59.28884773493539,2
39.02158053374545,23.493467057953538,37.590053837793874,15.290555893094353,86.02688079000367,56.660525890546296,5.917152608256261,54.24831449447332,0
38.96320872704407,19.156699163330295,38.46933947904902,11.470579029111466,90.56669407645192,65.70304982341074,5.323544004736717,71.81230131785787,1
40.633188545860605,16.93587364227606,38.374776132994235,19.12094287223866,98.81149912695037,89.83864665840349,2.192040358759111,82.91537197530309,2
39.71790208545871,29.71159766327691,36.586347471594024,4.009490310568056,93.76673364636139,39.95187845869348,4.682972849739699,71.88584124667707,2
74.86123213622503,19.368012113670773,36.82962963145887,2.1852842061924282,93.0749791488357,32.679470585777736,3.4166580431783187,63.83770659756543,0
42.731605907940136,28.09378566622442,36.76345754690912,17.079239339108444,89.0328027157329,1.081108363519634,2.78739351281095,77.90855919452204,4
54.19670983267042,16.13918290603955,37.95195981997059,8.782996332674966,90.52673379874868,82.65510741914642,9.653763471114798,67.35011677061,1
92.77518869342083,15.835884672451499,38.13557065971389,16.93937708414121,98.43019133729754,80.0980700403365,6.794877800337325,96.64338450633166,2
63.177314818401065,12.560413491921205,36.927022732621346,17.861804103908298,94.99694571290253,10.445451810015138,7.829250273892821,96.1322569801786,3
76.72904169647191,23.730002856765932,37.51170538590366,1.2491518723814288,96.810805401285,57.68573811327003,4.52290994612894,75.11859099860477,2
42.06239098411409,18.6334741870277,38.1814060560224,17.669295259721213,91.81518134601482,46.398169816688736,5.145177035952122,66.39419970091292,1
43.46023131660695,27.558448497113467,37.9656030895325,8.966381107388443,94.45370829184236,11.870909550911147,3.895391951173788,86.85662069783196,2
32.86080313865352,20.51777832044803,37.584474410983695,10.208649780084645,88.72575413114811,98.05682270607235,2.775725367723398,51.83564717415333,0
41.82545441505152,29.42748170246499,37.68069538091755,12.531850221864204,95.58191245425229,21.469588746335543,3.4322530995326703,73.73845030218257,2
49.501323732237104,15.33945928265618,37.51672109383256,18.527652134601734,91.41402000555006,6.723418009056115,8.380112362371886,66.81616971351667,2
42.39073389937228,27.635217023200994,37.09509690263764,0.3823218885952806,91.63818272222119,59.48473795019096,7.420366441470207,96.02679425512773,3
36.20917736299389,25.97874335025135,37.63004398571803,9.536869366356342,94.73983486865322,73.88666771330327,6.375431007883815,50.600151363634126,0
38.44451097704206,25.876593203592936,37.87777060410018,13.754440848611214,99.04420932203391,3.2443446047186963,5.800718982934145,77.64074378591745,0
62.254513762290806,27.20609810610398,38.246645831721615,14.454139153964569,85.96009519912931,65.87176387270222,9.379474269248995,87.03317905333131,2
44.44336028840547,25.69843183697398,37.7725827079585,13.85064863074216,97.37114856020511,53.22918759514545,2.581879582229347,74.25089937620206,3
55.498890273365284,23.271965789365478,38.02224307408632,2.688702588162437,89.3857466561829,10.326500887504842,4.244806505903328,54.27015150813608,2
65.23920895983998,14.362407798282977,36.820143269909146,5.987911767433625,91.65879181759567,17.252387694636205,4.799502828565712,98.62306950139511,2
78.32763800405557,12.585471230842534,37.42311494883958,7.17431050834027,85.32869993162514,56.79742973160805,8.259406497702303,75.90052156880489,1
32.751849788876925,28.575261260682364,36.51866323965419,16.0887441535901,89.51569116751469,29.63576135132884,9.940116961295772,80.70931221595058,1
85.95872792363298,23.099705661373285,36.99335772904325,5.5751974482910605,92.53946863945195,93.8315728651316,3.9253641180572245,61.830489135375366,3
73.95302726436354,26.337671237571172,37.95292343022601,4.214099277344063,85.84264116021158,81.87402294840508,8.994458673096645,74.1749042553402,4
35.72313223642104,20.6674023272259,38.48361990269873,19.148960380761924,92.36643594074748,98.3567206513663,8.64498208345433,71.45747459791609,1
91.15050368747441,14.1115474013231,36.698356199174434,0.177265702269378,98.90665943287641,25.967083895041398,3.797259181134133,53.74479210009919,4
94.46106803722692,14.253344259645907,37.30298863172258,19.956417113639564,86.58089827161707,96.9723632797977,5.194660641593781,55.308017677373364,0
34.275457189840466,24.340175170121483,38.10014193739832,13.536425977147912,96.46661092113257,43.12338697915579,5.277382954340153,91.87362598093873,1
49.38143537030426,19.745506108190327,36.908071269257796,16.56938598898234,91.14506580063988,34.751879531375465,9.825765348212467,61.990997610329515,1
86.4340895855143,15.609445080606061,37.610169898604575,5.892387926923863,94.82760571786507,5.034952696935324,3.4471352110311866,59.74791357493153,3
82.37817832685609,20.848701841345864,37.96614259205935,0.28630555334119956,88.90354896977844,5.276525785960262,8.393263768838256,75.24557256250696,4
42.91647135494641,13.155760867352413,37.73197090052036,14.757390371230601,87.39238393812037,69.20112559466547,4.673541713384879,88.43735656812564,1
44.65445263356972,22.47548523445918,36.876049469230836,16.682891940013516,87.4069392140684,45.79289944340279,7.846962766209283,53.097325928949395,1
55.93304719539674,16.84188127983176,37.21076913737148,14.809522639070384,86.05737918464717,22.65216260361057,5.360088034365303,78.84039598191279,3
63.916608963371495,26.356063811469387,38.0675835689708,2.857005746016772,87.78470057351865,61.39703063252326,6.62687810493232,55.960522142028665,3
73.27783400712072,17.586515260624328,37.60845302826403,15.06855844513938,94.96329077483452,25.285811825011116,8.660894186609049,51.82305254128092,4
55.82395476988407,20.19396268347242,36.510459227085825,15.378455642152819,98.22535917765262,57.76317543444226,8.433324519871073,52.63719760811087,0
62.37743012932035,12.209169718345812,38.02198152005619,13.170810313401098,97.21188528386743,35.92087469826903,8.9313854683176,91.70820541042207,0
82.32296566936296,13.30404398030206,36.57062270988048,15.322318655911724,95.27701464811726,82.3552226611819,2.476938602757272,55.89862418140308,2
32.56782420234185,19.064884015320327,37.991467565462465,16.918428793554643,86.65647795116654,82.06961607667793,7.536404424317959,52.2575682206146,1
47.67058610408145,20.638899024908223,36.904961120330476,12.272082284749168,89.33781169443925,47.73503981224013,3.119899013774103,71.8949943571456,4
79.93447101191867,22.800369866147467,38.41614696023876,1.7720942793935812,89.64710312983703,35.08191093350156,5.326548544147288,92.19967359710124,1
92.66447863810396,17.249926416767458,37.23588150260417,9.752556193344217,88.74935419596432,36.25597965590946,6.388707320437508,63.1204188244651,4
65.81742094809663,24.509673950277765,37.15386323267616,1.5529866934321013,92.72508489564585,80.57145256682179,5.221915877974646,71.08563087629582,4
67.24794396857209,27.482203149405684,36.79777610066489,8.150860620648617,93.0333072231951,32.8179482797612,6.15689340642406,51.99612662818756,4
37.502040793784325,26.037317800080295,37.11120843098043,8.142129782512553,90.35328962756665,20.9059373706846,9.972210470388953,72.45392570674379,1
61.318865677641824,12.71313885627043,38.253301523656404,1.3201968828048316,90.30683738104653,8.468834187530682,3.081738509702838,78.88065403185668,3
67.28320865185162,20.64912505064092,38.49266867525449,6.976410679389586,97.42833396859122,46.66931208844084,7.4036483626914045,78.54535268760723,1
46.97293525443108,13.888743211527148,37.2366190610137,2.2199619758262967,96.83939272479529,48.213209891984185,5.168007731084922,66.62133460871826,4
